TAL;KØN;BRANCHE1020;ALDER;TID;INDHOLD
1020;TOT;A-V;1524;2018K1;395224
1020;TOT;A-V;1524;2018K2;409407
1020;TOT;A-V;1524;2018K3;418607
1020;TOT;A-V;1524;2018K4;411422
1020;TOT;A-V;1524;2019K1;400689
1020;TOT;A-V;1524;2019K2;412686
1020;TOT;A-V;1524;2019K3;419612
1020;TOT;A-V;1524;2019K4;412456
1020;TOT;A-V;1524;2020K1;398397
1020;TOT;A-V;1524;2020K2;384813
1020;TOT;A-V;1524;2020K3;409114
1020;TOT;A-V;1524;2020K4;403900
1020;TOT;A-V;1524;2021K1;378995
1020;TOT;A-V;1524;2021K2;408935
1020;TOT;A-V;1524;2021K3;436126
1020;TOT;A-V;1524;2021K4;439152
1020;TOT;A-V;1524;2022K1;430461
1020;TOT;A-V;1524;2022K2;445425
1020;TOT;A-V;1524;2022K3;450443
1020;TOT;A-V;1524;2022K4;445069
1020;TOT;A-V;1524;2023K1;433373
1020;TOT;A-V;1524;2023K2;446933
1020;TOT;A-V;1524;2023K3;452217
1020;TOT;A-V;1524;2023K4;445867
1020;TOT;A-V;1524;2024K1;434915
1020;TOT;A-V;1524;2024K2;449341
1020;TOT;A-V;1524;2024K3;452962
1020;TOT;A-V;1524;2024K4;448835
1020;TOT;A-V;1524;2025K1;439418
1020;TOT;A-V;1524;2025K2;454022
1020;TOT;A-V;1524;2025K3;458763
1020;TOT;A-V;1524;2025K4;454382
1020;TOT;A-V;1524;2026K1;444923
1020;TOT;A-V;1524;2026K2;460673
1020;TOT;A-V;2534;2018K1;509813
1020;TOT;A-V;2534;2018K2;523182
1020;TOT;A-V;2534;2018K3;525574
1020;TOT;A-V;2534;2018K4;530041
1020;TOT;A-V;2534;2019K1;528682
1020;TOT;A-V;2534;2019K2;540609
1020;TOT;A-V;2534;2019K3;541591
1020;TOT;A-V;2534;2019K4;544895
1020;TOT;A-V;2534;2020K1;543076
1020;TOT;A-V;2534;2020K2;538136
1020;TOT;A-V;2534;2020K3;541781
1020;TOT;A-V;2534;2020K4;549220
1020;TOT;A-V;2534;2021K1;544975
1020;TOT;A-V;2534;2021K2;565092
1020;TOT;A-V;2534;2021K3;573337
1020;TOT;A-V;2534;2021K4;584193
1020;TOT;A-V;2534;2022K1;587452
1020;TOT;A-V;2534;2022K2;601911
1020;TOT;A-V;2534;2022K3;602877
1020;TOT;A-V;2534;2022K4;607087
1020;TOT;A-V;2534;2023K1;603226
1020;TOT;A-V;2534;2023K2;614623
1020;TOT;A-V;2534;2023K3;613802
1020;TOT;A-V;2534;2023K4;616519
1020;TOT;A-V;2534;2024K1;612991
1020;TOT;A-V;2534;2024K2;623232
1020;TOT;A-V;2534;2024K3;620899
1020;TOT;A-V;2534;2024K4;624200
1020;TOT;A-V;2534;2025K1;621326
1020;TOT;A-V;2534;2025K2;631216
1020;TOT;A-V;2534;2025K3;629066
1020;TOT;A-V;2534;2025K4;631714
1020;TOT;A-V;2534;2026K1;627614
1020;TOT;A-V;2534;2026K2;635714
1020;TOT;A-V;3544;2018K1;554337
1020;TOT;A-V;3544;2018K2;556771
1020;TOT;A-V;3544;2018K3;554106
1020;TOT;A-V;3544;2018K4;553412
1020;TOT;A-V;3544;2019K1;548290
1020;TOT;A-V;3544;2019K2;549890
1020;TOT;A-V;3544;2019K3;546477
1020;TOT;A-V;3544;2019K4;544373
1020;TOT;A-V;3544;2020K1;538040
1020;TOT;A-V;3544;2020K2;531273
1020;TOT;A-V;3544;2020K3;529624
1020;TOT;A-V;3544;2020K4;530935
1020;TOT;A-V;3544;2021K1;525632
1020;TOT;A-V;3544;2021K2;532888
1020;TOT;A-V;3544;2021K3;535972
1020;TOT;A-V;3544;2021K4;540806
1020;TOT;A-V;3544;2022K1;540675
1020;TOT;A-V;3544;2022K2;546997
1020;TOT;A-V;3544;2022K3;548491
1020;TOT;A-V;3544;2022K4;550534
1020;TOT;A-V;3544;2023K1;548498
1020;TOT;A-V;3544;2023K2;552978
1020;TOT;A-V;3544;2023K3;553342
1020;TOT;A-V;3544;2023K4;555537
1020;TOT;A-V;3544;2024K1;554520
1020;TOT;A-V;3544;2024K2;559805
1020;TOT;A-V;3544;2024K3;560854
1020;TOT;A-V;3544;2024K4;563389
1020;TOT;A-V;3544;2025K1;562832
1020;TOT;A-V;3544;2025K2;568478
1020;TOT;A-V;3544;2025K3;570360
1020;TOT;A-V;3544;2025K4;574334
1020;TOT;A-V;3544;2026K1;574432
1020;TOT;A-V;3544;2026K2;581553
1020;TOT;A-V;4554;2018K1;625992
1020;TOT;A-V;4554;2018K2;630190
1020;TOT;A-V;4554;2018K3;629727
1020;TOT;A-V;4554;2018K4;629222
1020;TOT;A-V;4554;2019K1;625236
1020;TOT;A-V;4554;2019K2;628365
1020;TOT;A-V;4554;2019K3;626896
1020;TOT;A-V;4554;2019K4;625850
1020;TOT;A-V;4554;2020K1;621152
1020;TOT;A-V;4554;2020K2;616127
1020;TOT;A-V;4554;2020K3;616352
1020;TOT;A-V;4554;2020K4;617247
1020;TOT;A-V;4554;2021K1;611755
1020;TOT;A-V;4554;2021K2;616938
1020;TOT;A-V;4554;2021K3;618051
1020;TOT;A-V;4554;2021K4;618250
1020;TOT;A-V;4554;2022K1;614979
1020;TOT;A-V;4554;2022K2;616254
1020;TOT;A-V;4554;2022K3;614401
1020;TOT;A-V;4554;2022K4;613731
1020;TOT;A-V;4554;2023K1;609503
1020;TOT;A-V;4554;2023K2;611048
1020;TOT;A-V;4554;2023K3;609693
1020;TOT;A-V;4554;2023K4;608890
1020;TOT;A-V;4554;2024K1;604765
1020;TOT;A-V;4554;2024K2;607187
1020;TOT;A-V;4554;2024K3;605509
1020;TOT;A-V;4554;2024K4;604779
1020;TOT;A-V;4554;2025K1;601557
1020;TOT;A-V;4554;2025K2;603411
1020;TOT;A-V;4554;2025K3;601581
1020;TOT;A-V;4554;2025K4;601005
1020;TOT;A-V;4554;2026K1;595793
1020;TOT;A-V;4554;2026K2;595643
1020;TOT;A-V;5564;2018K1;455230
1020;TOT;A-V;5564;2018K2;466348
1020;TOT;A-V;5564;2018K3;472097
1020;TOT;A-V;5564;2018K4;476090
1020;TOT;A-V;5564;2019K1;476668
1020;TOT;A-V;5564;2019K2;487254
1020;TOT;A-V;5564;2019K3;491671
1020;TOT;A-V;5564;2019K4;494782
1020;TOT;A-V;5564;2020K1;494262
1020;TOT;A-V;5564;2020K2;495601
1020;TOT;A-V;5564;2020K3;499476
1020;TOT;A-V;5564;2020K4;504006
1020;TOT;A-V;5564;2021K1;502897
1020;TOT;A-V;5564;2021K2;514159
1020;TOT;A-V;5564;2021K3;520878
1020;TOT;A-V;5564;2021K4;528094
1020;TOT;A-V;5564;2022K1;530322
1020;TOT;A-V;5564;2022K2;539265
1020;TOT;A-V;5564;2022K3;542701
1020;TOT;A-V;5564;2022K4;545727
1020;TOT;A-V;5564;2023K1;545144
1020;TOT;A-V;5564;2023K2;551799
1020;TOT;A-V;5564;2023K3;552940
1020;TOT;A-V;5564;2023K4;554352
1020;TOT;A-V;5564;2024K1;552233
1020;TOT;A-V;5564;2024K2;557469
1020;TOT;A-V;5564;2024K3;557328
1020;TOT;A-V;5564;2024K4;558109
1020;TOT;A-V;5564;2025K1;555549
1020;TOT;A-V;5564;2025K2;559996
1020;TOT;A-V;5564;2025K3;559973
1020;TOT;A-V;5564;2025K4;560707
1020;TOT;A-V;5564;2026K1;558071
1020;TOT;A-V;5564;2026K2;562957
1020;TOT;A;1524;2018K1;9293
1020;TOT;A;1524;2018K2;10139
1020;TOT;A;1524;2018K3;10784
1020;TOT;A;1524;2018K4;9888
1020;TOT;A;1524;2019K1;9204
1020;TOT;A;1524;2019K2;9726
1020;TOT;A;1524;2019K3;10401
1020;TOT;A;1524;2019K4;9552
1020;TOT;A;1524;2020K1;9150
1020;TOT;A;1524;2020K2;10109
1020;TOT;A;1524;2020K3;10283
1020;TOT;A;1524;2020K4;9538
1020;TOT;A;1524;2021K1;9080
1020;TOT;A;1524;2021K2;9541
1020;TOT;A;1524;2021K3;9994
1020;TOT;A;1524;2021K4;9396
1020;TOT;A;1524;2022K1;8974
1020;TOT;A;1524;2022K2;9541
1020;TOT;A;1524;2022K3;10135
1020;TOT;A;1524;2022K4;9427
1020;TOT;A;1524;2023K1;9296
1020;TOT;A;1524;2023K2;9998
1020;TOT;A;1524;2023K3;10506
1020;TOT;A;1524;2023K4;9797
1020;TOT;A;1524;2024K1;9569
1020;TOT;A;1524;2024K2;10262
1020;TOT;A;1524;2024K3;10660
1020;TOT;A;1524;2024K4;10022
1020;TOT;A;1524;2025K1;9807
1020;TOT;A;1524;2025K2;10345
1020;TOT;A;1524;2025K3;10736
1020;TOT;A;1524;2025K4;10178
1020;TOT;A;1524;2026K1;10010
1020;TOT;A;1524;2026K2;10610
1020;TOT;A;2534;2018K1;10864
1020;TOT;A;2534;2018K2;11339
1020;TOT;A;2534;2018K3;11303
1020;TOT;A;2534;2018K4;10965
1020;TOT;A;2534;2019K1;10567
1020;TOT;A;2534;2019K2;10930
1020;TOT;A;2534;2019K3;10996
1020;TOT;A;2534;2019K4;10926
1020;TOT;A;2534;2020K1;10571
1020;TOT;A;2534;2020K2;10878
1020;TOT;A;2534;2020K3;11007
1020;TOT;A;2534;2020K4;10717
1020;TOT;A;2534;2021K1;10227
1020;TOT;A;2534;2021K2;10559
1020;TOT;A;2534;2021K3;10823
1020;TOT;A;2534;2021K4;10669
1020;TOT;A;2534;2022K1;10452
1020;TOT;A;2534;2022K2;10784
1020;TOT;A;2534;2022K3;10903
1020;TOT;A;2534;2022K4;10611
1020;TOT;A;2534;2023K1;10364
1020;TOT;A;2534;2023K2;10706
1020;TOT;A;2534;2023K3;10811
1020;TOT;A;2534;2023K4;10570
1020;TOT;A;2534;2024K1;10429
1020;TOT;A;2534;2024K2;10813
1020;TOT;A;2534;2024K3;11012
1020;TOT;A;2534;2024K4;10876
1020;TOT;A;2534;2025K1;10729
1020;TOT;A;2534;2025K2;10980
1020;TOT;A;2534;2025K3;11078
1020;TOT;A;2534;2025K4;10929
1020;TOT;A;2534;2026K1;10722
1020;TOT;A;2534;2026K2;10910
1020;TOT;A;3544;2018K1;6140
1020;TOT;A;3544;2018K2;6440
1020;TOT;A;3544;2018K3;6455
1020;TOT;A;3544;2018K4;6315
1020;TOT;A;3544;2019K1;6056
1020;TOT;A;3544;2019K2;6303
1020;TOT;A;3544;2019K3;6400
1020;TOT;A;3544;2019K4;6269
1020;TOT;A;3544;2020K1;6124
1020;TOT;A;3544;2020K2;6382
1020;TOT;A;3544;2020K3;6413
1020;TOT;A;3544;2020K4;6340
1020;TOT;A;3544;2021K1;6161
1020;TOT;A;3544;2021K2;6405
1020;TOT;A;3544;2021K3;6429
1020;TOT;A;3544;2021K4;6251
1020;TOT;A;3544;2022K1;6102
1020;TOT;A;3544;2022K2;6367
1020;TOT;A;3544;2022K3;6503
1020;TOT;A;3544;2022K4;6435
1020;TOT;A;3544;2023K1;6384
1020;TOT;A;3544;2023K2;6665
1020;TOT;A;3544;2023K3;6711
1020;TOT;A;3544;2023K4;6615
1020;TOT;A;3544;2024K1;6491
1020;TOT;A;3544;2024K2;6684
1020;TOT;A;3544;2024K3;6734
1020;TOT;A;3544;2024K4;6636
1020;TOT;A;3544;2025K1;6505
1020;TOT;A;3544;2025K2;6741
1020;TOT;A;3544;2025K3;6747
1020;TOT;A;3544;2025K4;6673
1020;TOT;A;3544;2026K1;6580
1020;TOT;A;3544;2026K2;6846
1020;TOT;A;4554;2018K1;5628
1020;TOT;A;4554;2018K2;5909
1020;TOT;A;4554;2018K3;5907
1020;TOT;A;4554;2018K4;5735
1020;TOT;A;4554;2019K1;5580
1020;TOT;A;4554;2019K2;5763
1020;TOT;A;4554;2019K3;5745
1020;TOT;A;4554;2019K4;5662
1020;TOT;A;4554;2020K1;5453
1020;TOT;A;4554;2020K2;5627
1020;TOT;A;4554;2020K3;5662
1020;TOT;A;4554;2020K4;5543
1020;TOT;A;4554;2021K1;5367
1020;TOT;A;4554;2021K2;5575
1020;TOT;A;4554;2021K3;5648
1020;TOT;A;4554;2021K4;5518
1020;TOT;A;4554;2022K1;5341
1020;TOT;A;4554;2022K2;5535
1020;TOT;A;4554;2022K3;5556
1020;TOT;A;4554;2022K4;5455
1020;TOT;A;4554;2023K1;5282
1020;TOT;A;4554;2023K2;5511
1020;TOT;A;4554;2023K3;5515
1020;TOT;A;4554;2023K4;5408
1020;TOT;A;4554;2024K1;5282
1020;TOT;A;4554;2024K2;5447
1020;TOT;A;4554;2024K3;5458
1020;TOT;A;4554;2024K4;5354
1020;TOT;A;4554;2025K1;5182
1020;TOT;A;4554;2025K2;5329
1020;TOT;A;4554;2025K3;5302
1020;TOT;A;4554;2025K4;5216
1020;TOT;A;4554;2026K1;5082
1020;TOT;A;4554;2026K2;5229
1020;TOT;A;5564;2018K1;4248
1020;TOT;A;5564;2018K2;4524
1020;TOT;A;5564;2018K3;4570
1020;TOT;A;5564;2018K4;4524
1020;TOT;A;5564;2019K1;4425
1020;TOT;A;5564;2019K2;4702
1020;TOT;A;5564;2019K3;4810
1020;TOT;A;5564;2019K4;4860
1020;TOT;A;5564;2020K1;4739
1020;TOT;A;5564;2020K2;4968
1020;TOT;A;5564;2020K3;4980
1020;TOT;A;5564;2020K4;4941
1020;TOT;A;5564;2021K1;4825
1020;TOT;A;5564;2021K2;5048
1020;TOT;A;5564;2021K3;5149
1020;TOT;A;5564;2021K4;5157
1020;TOT;A;5564;2022K1;5058
1020;TOT;A;5564;2022K2;5294
1020;TOT;A;5564;2022K3;5340
1020;TOT;A;5564;2022K4;5228
1020;TOT;A;5564;2023K1;5096
1020;TOT;A;5564;2023K2;5294
1020;TOT;A;5564;2023K3;5311
1020;TOT;A;5564;2023K4;5217
1020;TOT;A;5564;2024K1;5121
1020;TOT;A;5564;2024K2;5323
1020;TOT;A;5564;2024K3;5336
1020;TOT;A;5564;2024K4;5265
1020;TOT;A;5564;2025K1;5149
1020;TOT;A;5564;2025K2;5334
1020;TOT;A;5564;2025K3;5312
1020;TOT;A;5564;2025K4;5209
1020;TOT;A;5564;2026K1;5061
1020;TOT;A;5564;2026K2;5219
1020;TOT;BCDE;1524;2018K1;25877
1020;TOT;BCDE;1524;2018K2;26349
1020;TOT;BCDE;1524;2018K3;27630
1020;TOT;BCDE;1524;2018K4;26668
1020;TOT;BCDE;1524;2019K1;26333
1020;TOT;BCDE;1524;2019K2;26803
1020;TOT;BCDE;1524;2019K3;27696
1020;TOT;BCDE;1524;2019K4;26482
1020;TOT;BCDE;1524;2020K1;26429
1020;TOT;BCDE;1524;2020K2;25899
1020;TOT;BCDE;1524;2020K3;26069
1020;TOT;BCDE;1524;2020K4;25455
1020;TOT;BCDE;1524;2021K1;25564
1020;TOT;BCDE;1524;2021K2;26182
1020;TOT;BCDE;1524;2021K3;27402
1020;TOT;BCDE;1524;2021K4;27321
1020;TOT;BCDE;1524;2022K1;27375
1020;TOT;BCDE;1524;2022K2;28257
1020;TOT;BCDE;1524;2022K3;28799
1020;TOT;BCDE;1524;2022K4;27782
1020;TOT;BCDE;1524;2023K1;27237
1020;TOT;BCDE;1524;2023K2;27837
1020;TOT;BCDE;1524;2023K3;28451
1020;TOT;BCDE;1524;2023K4;27710
1020;TOT;BCDE;1524;2024K1;27697
1020;TOT;BCDE;1524;2024K2;28430
1020;TOT;BCDE;1524;2024K3;29070
1020;TOT;BCDE;1524;2024K4;28570
1020;TOT;BCDE;1524;2025K1;28491
1020;TOT;BCDE;1524;2025K2;29276
1020;TOT;BCDE;1524;2025K3;29817
1020;TOT;BCDE;1524;2025K4;28819
1020;TOT;BCDE;1524;2026K1;28416
1020;TOT;BCDE;1524;2026K2;29049
1020;TOT;BCDE;2534;2018K1;52520
1020;TOT;BCDE;2534;2018K2;53576
1020;TOT;BCDE;2534;2018K3;54148
1020;TOT;BCDE;2534;2018K4;54402
1020;TOT;BCDE;2534;2019K1;55539
1020;TOT;BCDE;2534;2019K2;56380
1020;TOT;BCDE;2534;2019K3;56657
1020;TOT;BCDE;2534;2019K4;56197
1020;TOT;BCDE;2534;2020K1;56452
1020;TOT;BCDE;2534;2020K2;56182
1020;TOT;BCDE;2534;2020K3;55854
1020;TOT;BCDE;2534;2020K4;56264
1020;TOT;BCDE;2534;2021K1;57022
1020;TOT;BCDE;2534;2021K2;58198
1020;TOT;BCDE;2534;2021K3;59184
1020;TOT;BCDE;2534;2021K4;60346
1020;TOT;BCDE;2534;2022K1;61669
1020;TOT;BCDE;2534;2022K2;63071
1020;TOT;BCDE;2534;2022K3;64134
1020;TOT;BCDE;2534;2022K4;65201
1020;TOT;BCDE;2534;2023K1;65623
1020;TOT;BCDE;2534;2023K2;67074
1020;TOT;BCDE;2534;2023K3;67664
1020;TOT;BCDE;2534;2023K4;68581
1020;TOT;BCDE;2534;2024K1;69393
1020;TOT;BCDE;2534;2024K2;70684
1020;TOT;BCDE;2534;2024K3;71207
1020;TOT;BCDE;2534;2024K4;72006
1020;TOT;BCDE;2534;2025K1;72618
1020;TOT;BCDE;2534;2025K2;73680
1020;TOT;BCDE;2534;2025K3;73569
1020;TOT;BCDE;2534;2025K4;73238
1020;TOT;BCDE;2534;2026K1;72291
1020;TOT;BCDE;2534;2026K2;71905
1020;TOT;BCDE;3544;2018K1;72797
1020;TOT;BCDE;3544;2018K2;72523
1020;TOT;BCDE;3544;2018K3;72163
1020;TOT;BCDE;3544;2018K4;71785
1020;TOT;BCDE;3544;2019K1;72552
1020;TOT;BCDE;3544;2019K2;72264
1020;TOT;BCDE;3544;2019K3;71799
1020;TOT;BCDE;3544;2019K4;70957
1020;TOT;BCDE;3544;2020K1;70095
1020;TOT;BCDE;3544;2020K2;69124
1020;TOT;BCDE;3544;2020K3;68459
1020;TOT;BCDE;3544;2020K4;68245
1020;TOT;BCDE;3544;2021K1;68092
1020;TOT;BCDE;3544;2021K2;68494
1020;TOT;BCDE;3544;2021K3;68755
1020;TOT;BCDE;3544;2021K4;69327
1020;TOT;BCDE;3544;2022K1;69760
1020;TOT;BCDE;3544;2022K2;70384
1020;TOT;BCDE;3544;2022K3;70983
1020;TOT;BCDE;3544;2022K4;71552
1020;TOT;BCDE;3544;2023K1;71860
1020;TOT;BCDE;3544;2023K2;72659
1020;TOT;BCDE;3544;2023K3;73096
1020;TOT;BCDE;3544;2023K4;73731
1020;TOT;BCDE;3544;2024K1;74471
1020;TOT;BCDE;3544;2024K2;75406
1020;TOT;BCDE;3544;2024K3;75909
1020;TOT;BCDE;3544;2024K4;76673
1020;TOT;BCDE;3544;2025K1;77372
1020;TOT;BCDE;3544;2025K2;78162
1020;TOT;BCDE;3544;2025K3;78496
1020;TOT;BCDE;3544;2025K4;78934
1020;TOT;BCDE;3544;2026K1;78572
1020;TOT;BCDE;3544;2026K2;78658
1020;TOT;BCDE;4554;2018K1;100707
1020;TOT;BCDE;4554;2018K2;100749
1020;TOT;BCDE;4554;2018K3;100462
1020;TOT;BCDE;4554;2018K4;100115
1020;TOT;BCDE;4554;2019K1;100753
1020;TOT;BCDE;4554;2019K2;100462
1020;TOT;BCDE;4554;2019K3;99923
1020;TOT;BCDE;4554;2019K4;98778
1020;TOT;BCDE;4554;2020K1;97809
1020;TOT;BCDE;4554;2020K2;96719
1020;TOT;BCDE;4554;2020K3;95800
1020;TOT;BCDE;4554;2020K4;95083
1020;TOT;BCDE;4554;2021K1;94340
1020;TOT;BCDE;4554;2021K2;94081
1020;TOT;BCDE;4554;2021K3;93687
1020;TOT;BCDE;4554;2021K4;92893
1020;TOT;BCDE;4554;2022K1;92265
1020;TOT;BCDE;4554;2022K2;91888
1020;TOT;BCDE;4554;2022K3;91463
1020;TOT;BCDE;4554;2022K4;91062
1020;TOT;BCDE;4554;2023K1;90363
1020;TOT;BCDE;4554;2023K2;90099
1020;TOT;BCDE;4554;2023K3;89720
1020;TOT;BCDE;4554;2023K4;89296
1020;TOT;BCDE;4554;2024K1;88782
1020;TOT;BCDE;4554;2024K2;88758
1020;TOT;BCDE;4554;2024K3;88340
1020;TOT;BCDE;4554;2024K4;87898
1020;TOT;BCDE;4554;2025K1;87783
1020;TOT;BCDE;4554;2025K2;87406
1020;TOT;BCDE;4554;2025K3;86866
1020;TOT;BCDE;4554;2025K4;86479
1020;TOT;BCDE;4554;2026K1;85404
1020;TOT;BCDE;4554;2026K2;84391
1020;TOT;BCDE;5564;2018K1;63917
1020;TOT;BCDE;5564;2018K2;65615
1020;TOT;BCDE;5564;2018K3;66903
1020;TOT;BCDE;5564;2018K4;67936
1020;TOT;BCDE;5564;2019K1;69446
1020;TOT;BCDE;5564;2019K2;71005
1020;TOT;BCDE;5564;2019K3;72107
1020;TOT;BCDE;5564;2019K4;72772
1020;TOT;BCDE;5564;2020K1;73471
1020;TOT;BCDE;5564;2020K2;74055
1020;TOT;BCDE;5564;2020K3;74707
1020;TOT;BCDE;5564;2020K4;75518
1020;TOT;BCDE;5564;2021K1;76160
1020;TOT;BCDE;5564;2021K2;77734
1020;TOT;BCDE;5564;2021K3;79113
1020;TOT;BCDE;5564;2021K4;80558
1020;TOT;BCDE;5564;2022K1;81725
1020;TOT;BCDE;5564;2022K2;83273
1020;TOT;BCDE;5564;2022K3;84250
1020;TOT;BCDE;5564;2022K4;85064
1020;TOT;BCDE;5564;2023K1;85349
1020;TOT;BCDE;5564;2023K2;86246
1020;TOT;BCDE;5564;2023K3;86653
1020;TOT;BCDE;5564;2023K4;87022
1020;TOT;BCDE;5564;2024K1;87134
1020;TOT;BCDE;5564;2024K2;87904
1020;TOT;BCDE;5564;2024K3;88105
1020;TOT;BCDE;5564;2024K4;88388
1020;TOT;BCDE;5564;2025K1;88394
1020;TOT;BCDE;5564;2025K2;88803
1020;TOT;BCDE;5564;2025K3;89016
1020;TOT;BCDE;5564;2025K4;89270
1020;TOT;BCDE;5564;2026K1;88944
1020;TOT;BCDE;5564;2026K2;88875
1020;TOT;B;1524;2018K1;159
1020;TOT;B;1524;2018K2;148
1020;TOT;B;1524;2018K3;140
1020;TOT;B;1524;2018K4;137
1020;TOT;B;1524;2019K1;140
1020;TOT;B;1524;2019K2;134
1020;TOT;B;1524;2019K3;145
1020;TOT;B;1524;2019K4;141
1020;TOT;B;1524;2020K1;138
1020;TOT;B;1524;2020K2;140
1020;TOT;B;1524;2020K3;133
1020;TOT;B;1524;2020K4;116
1020;TOT;B;1524;2021K1;119
1020;TOT;B;1524;2021K2;116
1020;TOT;B;1524;2021K3;115
1020;TOT;B;1524;2021K4;108
1020;TOT;B;1524;2022K1;112
1020;TOT;B;1524;2022K2;131
1020;TOT;B;1524;2022K3;133
1020;TOT;B;1524;2022K4;134
1020;TOT;B;1524;2023K1;125
1020;TOT;B;1524;2023K2;137
1020;TOT;B;1524;2023K3;142
1020;TOT;B;1524;2023K4;142
1020;TOT;B;1524;2024K1;130
1020;TOT;B;1524;2024K2;139
1020;TOT;B;1524;2024K3;134
1020;TOT;B;1524;2024K4;134
1020;TOT;B;1524;2025K1;138
1020;TOT;B;1524;2025K2;136
1020;TOT;B;1524;2025K3;134
1020;TOT;B;1524;2025K4;128
1020;TOT;B;1524;2026K1;123
1020;TOT;B;1524;2026K2;126
1020;TOT;B;2534;2018K1;718
1020;TOT;B;2534;2018K2;686
1020;TOT;B;2534;2018K3;635
1020;TOT;B;2534;2018K4;620
1020;TOT;B;2534;2019K1;621
1020;TOT;B;2534;2019K2;626
1020;TOT;B;2534;2019K3;603
1020;TOT;B;2534;2019K4;606
1020;TOT;B;2534;2020K1;601
1020;TOT;B;2534;2020K2;593
1020;TOT;B;2534;2020K3;561
1020;TOT;B;2534;2020K4;496
1020;TOT;B;2534;2021K1;480
1020;TOT;B;2534;2021K2;489
1020;TOT;B;2534;2021K3;489
1020;TOT;B;2534;2021K4;489
1020;TOT;B;2534;2022K1;486
1020;TOT;B;2534;2022K2;486
1020;TOT;B;2534;2022K3;496
1020;TOT;B;2534;2022K4;504
1020;TOT;B;2534;2023K1;495
1020;TOT;B;2534;2023K2;508
1020;TOT;B;2534;2023K3;515
1020;TOT;B;2534;2023K4;527
1020;TOT;B;2534;2024K1;530
1020;TOT;B;2534;2024K2;517
1020;TOT;B;2534;2024K3;477
1020;TOT;B;2534;2024K4;457
1020;TOT;B;2534;2025K1;465
1020;TOT;B;2534;2025K2;473
1020;TOT;B;2534;2025K3;455
1020;TOT;B;2534;2025K4;434
1020;TOT;B;2534;2026K1;424
1020;TOT;B;2534;2026K2;425
1020;TOT;B;3544;2018K1;1173
1020;TOT;B;3544;2018K2;1176
1020;TOT;B;3544;2018K3;1137
1020;TOT;B;3544;2018K4;1098
1020;TOT;B;3544;2019K1;1087
1020;TOT;B;3544;2019K2;1079
1020;TOT;B;3544;2019K3;1045
1020;TOT;B;3544;2019K4;1031
1020;TOT;B;3544;2020K1;1015
1020;TOT;B;3544;2020K2;1022
1020;TOT;B;3544;2020K3;1001
1020;TOT;B;3544;2020K4;938
1020;TOT;B;3544;2021K1;902
1020;TOT;B;3544;2021K2;878
1020;TOT;B;3544;2021K3;849
1020;TOT;B;3544;2021K4;830
1020;TOT;B;3544;2022K1;821
1020;TOT;B;3544;2022K2;827
1020;TOT;B;3544;2022K3;808
1020;TOT;B;3544;2022K4;801
1020;TOT;B;3544;2023K1;777
1020;TOT;B;3544;2023K2;779
1020;TOT;B;3544;2023K3;763
1020;TOT;B;3544;2023K4;740
1020;TOT;B;3544;2024K1;739
1020;TOT;B;3544;2024K2;714
1020;TOT;B;3544;2024K3;704
1020;TOT;B;3544;2024K4;682
1020;TOT;B;3544;2025K1;665
1020;TOT;B;3544;2025K2;652
1020;TOT;B;3544;2025K3;634
1020;TOT;B;3544;2025K4;613
1020;TOT;B;3544;2026K1;604
1020;TOT;B;3544;2026K2;609
1020;TOT;B;4554;2018K1;1508
1020;TOT;B;4554;2018K2;1519
1020;TOT;B;4554;2018K3;1488
1020;TOT;B;4554;2018K4;1450
1020;TOT;B;4554;2019K1;1412
1020;TOT;B;4554;2019K2;1375
1020;TOT;B;4554;2019K3;1339
1020;TOT;B;4554;2019K4;1311
1020;TOT;B;4554;2020K1;1296
1020;TOT;B;4554;2020K2;1266
1020;TOT;B;4554;2020K3;1240
1020;TOT;B;4554;2020K4;1177
1020;TOT;B;4554;2021K1;1139
1020;TOT;B;4554;2021K2;1133
1020;TOT;B;4554;2021K3;1097
1020;TOT;B;4554;2021K4;1072
1020;TOT;B;4554;2022K1;1059
1020;TOT;B;4554;2022K2;1071
1020;TOT;B;4554;2022K3;1072
1020;TOT;B;4554;2022K4;1087
1020;TOT;B;4554;2023K1;1079
1020;TOT;B;4554;2023K2;1075
1020;TOT;B;4554;2023K3;1052
1020;TOT;B;4554;2023K4;1047
1020;TOT;B;4554;2024K1;1033
1020;TOT;B;4554;2024K2;1021
1020;TOT;B;4554;2024K3;1015
1020;TOT;B;4554;2024K4;980
1020;TOT;B;4554;2025K1;977
1020;TOT;B;4554;2025K2;967
1020;TOT;B;4554;2025K3;952
1020;TOT;B;4554;2025K4;928
1020;TOT;B;4554;2026K1;923
1020;TOT;B;4554;2026K2;909
1020;TOT;B;5564;2018K1;908
1020;TOT;B;5564;2018K2;911
1020;TOT;B;5564;2018K3;911
1020;TOT;B;5564;2018K4;937
1020;TOT;B;5564;2019K1;952
1020;TOT;B;5564;2019K2;958
1020;TOT;B;5564;2019K3;953
1020;TOT;B;5564;2019K4;982
1020;TOT;B;5564;2020K1;992
1020;TOT;B;5564;2020K2;998
1020;TOT;B;5564;2020K3;982
1020;TOT;B;5564;2020K4;964
1020;TOT;B;5564;2021K1;952
1020;TOT;B;5564;2021K2;992
1020;TOT;B;5564;2021K3;1004
1020;TOT;B;5564;2021K4;1001
1020;TOT;B;5564;2022K1;1012
1020;TOT;B;5564;2022K2;1043
1020;TOT;B;5564;2022K3;1041
1020;TOT;B;5564;2022K4;1045
1020;TOT;B;5564;2023K1;1052
1020;TOT;B;5564;2023K2;1051
1020;TOT;B;5564;2023K3;1054
1020;TOT;B;5564;2023K4;1051
1020;TOT;B;5564;2024K1;1048
1020;TOT;B;5564;2024K2;1062
1020;TOT;B;5564;2024K3;1071
1020;TOT;B;5564;2024K4;1044
1020;TOT;B;5564;2025K1;1053
1020;TOT;B;5564;2025K2;1059
1020;TOT;B;5564;2025K3;1070
1020;TOT;B;5564;2025K4;1070
1020;TOT;B;5564;2026K1;1070
1020;TOT;B;5564;2026K2;1074
1020;TOT;C;1524;2018K1;24816
1020;TOT;C;1524;2018K2;25275
1020;TOT;C;1524;2018K3;26496
1020;TOT;C;1524;2018K4;25590
1020;TOT;C;1524;2019K1;25281
1020;TOT;C;1524;2019K2;25769
1020;TOT;C;1524;2019K3;26597
1020;TOT;C;1524;2019K4;25439
1020;TOT;C;1524;2020K1;25402
1020;TOT;C;1524;2020K2;24841
1020;TOT;C;1524;2020K3;24964
1020;TOT;C;1524;2020K4;24366
1020;TOT;C;1524;2021K1;24502
1020;TOT;C;1524;2021K2;25109
1020;TOT;C;1524;2021K3;26261
1020;TOT;C;1524;2021K4;26174
1020;TOT;C;1524;2022K1;26207
1020;TOT;C;1524;2022K2;26988
1020;TOT;C;1524;2022K3;27416
1020;TOT;C;1524;2022K4;26409
1020;TOT;C;1524;2023K1;25829
1020;TOT;C;1524;2023K2;26359
1020;TOT;C;1524;2023K3;26863
1020;TOT;C;1524;2023K4;26147
1020;TOT;C;1524;2024K1;26164
1020;TOT;C;1524;2024K2;26872
1020;TOT;C;1524;2024K3;27482
1020;TOT;C;1524;2024K4;26979
1020;TOT;C;1524;2025K1;26920
1020;TOT;C;1524;2025K2;27696
1020;TOT;C;1524;2025K3;28208
1020;TOT;C;1524;2025K4;27283
1020;TOT;C;1524;2026K1;26984
1020;TOT;C;1524;2026K2;27569
1020;TOT;C;2534;2018K1;48374
1020;TOT;C;2534;2018K2;49412
1020;TOT;C;2534;2018K3;49989
1020;TOT;C;2534;2018K4;50215
1020;TOT;C;2534;2019K1;51295
1020;TOT;C;2534;2019K2;52067
1020;TOT;C;2534;2019K3;52356
1020;TOT;C;2534;2019K4;51908
1020;TOT;C;2534;2020K1;52054
1020;TOT;C;2534;2020K2;51757
1020;TOT;C;2534;2020K3;51295
1020;TOT;C;2534;2020K4;51721
1020;TOT;C;2534;2021K1;52529
1020;TOT;C;2534;2021K2;53549
1020;TOT;C;2534;2021K3;54402
1020;TOT;C;2534;2021K4;55441
1020;TOT;C;2534;2022K1;56600
1020;TOT;C;2534;2022K2;57963
1020;TOT;C;2534;2022K3;58800
1020;TOT;C;2534;2022K4;59484
1020;TOT;C;2534;2023K1;59702
1020;TOT;C;2534;2023K2;60723
1020;TOT;C;2534;2023K3;60986
1020;TOT;C;2534;2023K4;61642
1020;TOT;C;2534;2024K1;62292
1020;TOT;C;2534;2024K2;63387
1020;TOT;C;2534;2024K3;63952
1020;TOT;C;2534;2024K4;64619
1020;TOT;C;2534;2025K1;65141
1020;TOT;C;2534;2025K2;66048
1020;TOT;C;2534;2025K3;65890
1020;TOT;C;2534;2025K4;65622
1020;TOT;C;2534;2026K1;64664
1020;TOT;C;2534;2026K2;64170
1020;TOT;C;3544;2018K1;66945
1020;TOT;C;3544;2018K2;66670
1020;TOT;C;3544;2018K3;66360
1020;TOT;C;3544;2018K4;65968
1020;TOT;C;3544;2019K1;66716
1020;TOT;C;3544;2019K2;66502
1020;TOT;C;3544;2019K3;66136
1020;TOT;C;3544;2019K4;65290
1020;TOT;C;3544;2020K1;64398
1020;TOT;C;3544;2020K2;63429
1020;TOT;C;3544;2020K3;62710
1020;TOT;C;3544;2020K4;62521
1020;TOT;C;3544;2021K1;62530
1020;TOT;C;3544;2021K2;62893
1020;TOT;C;3544;2021K3;63112
1020;TOT;C;3544;2021K4;63596
1020;TOT;C;3544;2022K1;63949
1020;TOT;C;3544;2022K2;64611
1020;TOT;C;3544;2022K3;65116
1020;TOT;C;3544;2022K4;65367
1020;TOT;C;3544;2023K1;65560
1020;TOT;C;3544;2023K2;66086
1020;TOT;C;3544;2023K3;66328
1020;TOT;C;3544;2023K4;66847
1020;TOT;C;3544;2024K1;67435
1020;TOT;C;3544;2024K2;68204
1020;TOT;C;3544;2024K3;68763
1020;TOT;C;3544;2024K4;69504
1020;TOT;C;3544;2025K1;70153
1020;TOT;C;3544;2025K2;70796
1020;TOT;C;3544;2025K3;71175
1020;TOT;C;3544;2025K4;71494
1020;TOT;C;3544;2026K1;71096
1020;TOT;C;3544;2026K2;71043
1020;TOT;C;4554;2018K1;92972
1020;TOT;C;4554;2018K2;92958
1020;TOT;C;4554;2018K3;92684
1020;TOT;C;4554;2018K4;92358
1020;TOT;C;4554;2019K1;93016
1020;TOT;C;4554;2019K2;92750
1020;TOT;C;4554;2019K3;92353
1020;TOT;C;4554;2019K4;91291
1020;TOT;C;4554;2020K1;90331
1020;TOT;C;4554;2020K2;89285
1020;TOT;C;4554;2020K3;88334
1020;TOT;C;4554;2020K4;87649
1020;TOT;C;4554;2021K1;87241
1020;TOT;C;4554;2021K2;86893
1020;TOT;C;4554;2021K3;86516
1020;TOT;C;4554;2021K4;85711
1020;TOT;C;4554;2022K1;85108
1020;TOT;C;4554;2022K2;84764
1020;TOT;C;4554;2022K3;84284
1020;TOT;C;4554;2022K4;83627
1020;TOT;C;4554;2023K1;82872
1020;TOT;C;4554;2023K2;82424
1020;TOT;C;4554;2023K3;81920
1020;TOT;C;4554;2023K4;81422
1020;TOT;C;4554;2024K1;80904
1020;TOT;C;4554;2024K2;80770
1020;TOT;C;4554;2024K3;80396
1020;TOT;C;4554;2024K4;79950
1020;TOT;C;4554;2025K1;79859
1020;TOT;C;4554;2025K2;79402
1020;TOT;C;4554;2025K3;78863
1020;TOT;C;4554;2025K4;78467
1020;TOT;C;4554;2026K1;77433
1020;TOT;C;4554;2026K2;76419
1020;TOT;C;5564;2018K1;58232
1020;TOT;C;5564;2018K2;59829
1020;TOT;C;5564;2018K3;61042
1020;TOT;C;5564;2018K4;61955
1020;TOT;C;5564;2019K1;63351
1020;TOT;C;5564;2019K2;64800
1020;TOT;C;5564;2019K3;65853
1020;TOT;C;5564;2019K4;66432
1020;TOT;C;5564;2020K1;66997
1020;TOT;C;5564;2020K2;67480
1020;TOT;C;5564;2020K3;68052
1020;TOT;C;5564;2020K4;68782
1020;TOT;C;5564;2021K1;69615
1020;TOT;C;5564;2021K2;70957
1020;TOT;C;5564;2021K3;72208
1020;TOT;C;5564;2021K4;73501
1020;TOT;C;5564;2022K1;74638
1020;TOT;C;5564;2022K2;76114
1020;TOT;C;5564;2022K3;76982
1020;TOT;C;5564;2022K4;77590
1020;TOT;C;5564;2023K1;77858
1020;TOT;C;5564;2023K2;78567
1020;TOT;C;5564;2023K3;78894
1020;TOT;C;5564;2023K4;79174
1020;TOT;C;5564;2024K1;79277
1020;TOT;C;5564;2024K2;79861
1020;TOT;C;5564;2024K3;80073
1020;TOT;C;5564;2024K4;80317
1020;TOT;C;5564;2025K1;80458
1020;TOT;C;5564;2025K2;80760
1020;TOT;C;5564;2025K3;80848
1020;TOT;C;5564;2025K4;81076
1020;TOT;C;5564;2026K1;80800
1020;TOT;C;5564;2026K2;80697
1020;TOT;D;1524;2018K1;421
1020;TOT;D;1524;2018K2;423
1020;TOT;D;1524;2018K3;424
1020;TOT;D;1524;2018K4;420
1020;TOT;D;1524;2019K1;419
1020;TOT;D;1524;2019K2;398
1020;TOT;D;1524;2019K3;395
1020;TOT;D;1524;2019K4;377
1020;TOT;D;1524;2020K1;376
1020;TOT;D;1524;2020K2;374
1020;TOT;D;1524;2020K3;389
1020;TOT;D;1524;2020K4;429
1020;TOT;D;1524;2021K1;427
1020;TOT;D;1524;2021K2;417
1020;TOT;D;1524;2021K3;410
1020;TOT;D;1524;2021K4;439
1020;TOT;D;1524;2022K1;476
1020;TOT;D;1524;2022K2;510
1020;TOT;D;1524;2022K3;531
1020;TOT;D;1524;2022K4;595
1020;TOT;D;1524;2023K1;649
1020;TOT;D;1524;2023K2;649
1020;TOT;D;1524;2023K3;692
1020;TOT;D;1524;2023K4;718
1020;TOT;D;1524;2024K1;726
1020;TOT;D;1524;2024K2;739
1020;TOT;D;1524;2024K3;719
1020;TOT;D;1524;2024K4;753
1020;TOT;D;1524;2025K1;757
1020;TOT;D;1524;2025K2;759
1020;TOT;D;1524;2025K3;740
1020;TOT;D;1524;2025K4;727
1020;TOT;D;1524;2026K1;684
1020;TOT;D;1524;2026K2;688
1020;TOT;D;2534;2018K1;1964
1020;TOT;D;2534;2018K2;1995
1020;TOT;D;2534;2018K3;2000
1020;TOT;D;2534;2018K4;2056
1020;TOT;D;2534;2019K1;2132
1020;TOT;D;2534;2019K2;2162
1020;TOT;D;2534;2019K3;2108
1020;TOT;D;2534;2019K4;2134
1020;TOT;D;2534;2020K1;2220
1020;TOT;D;2534;2020K2;2210
1020;TOT;D;2534;2020K3;2318
1020;TOT;D;2534;2020K4;2377
1020;TOT;D;2534;2021K1;2348
1020;TOT;D;2534;2021K2;2434
1020;TOT;D;2534;2021K3;2490
1020;TOT;D;2534;2021K4;2604
1020;TOT;D;2534;2022K1;2739
1020;TOT;D;2534;2022K2;2717
1020;TOT;D;2534;2022K3;2859
1020;TOT;D;2534;2022K4;3270
1020;TOT;D;2534;2023K1;3472
1020;TOT;D;2534;2023K2;3755
1020;TOT;D;2534;2023K3;3989
1020;TOT;D;2534;2023K4;4209
1020;TOT;D;2534;2024K1;4333
1020;TOT;D;2534;2024K2;4462
1020;TOT;D;2534;2024K3;4405
1020;TOT;D;2534;2024K4;4569
1020;TOT;D;2534;2025K1;4676
1020;TOT;D;2534;2025K2;4749
1020;TOT;D;2534;2025K3;4798
1020;TOT;D;2534;2025K4;4808
1020;TOT;D;2534;2026K1;4849
1020;TOT;D;2534;2026K2;4903
1020;TOT;D;3544;2018K1;2513
1020;TOT;D;3544;2018K2;2523
1020;TOT;D;3544;2018K3;2536
1020;TOT;D;3544;2018K4;2591
1020;TOT;D;3544;2019K1;2659
1020;TOT;D;3544;2019K2;2615
1020;TOT;D;3544;2019K3;2530
1020;TOT;D;3544;2019K4;2559
1020;TOT;D;3544;2020K1;2625
1020;TOT;D;3544;2020K2;2609
1020;TOT;D;3544;2020K3;2658
1020;TOT;D;3544;2020K4;2695
1020;TOT;D;3544;2021K1;2566
1020;TOT;D;3544;2021K2;2612
1020;TOT;D;3544;2021K3;2645
1020;TOT;D;3544;2021K4;2726
1020;TOT;D;3544;2022K1;2827
1020;TOT;D;3544;2022K2;2744
1020;TOT;D;3544;2022K3;2827
1020;TOT;D;3544;2022K4;3127
1020;TOT;D;3544;2023K1;3248
1020;TOT;D;3544;2023K2;3447
1020;TOT;D;3544;2023K3;3635
1020;TOT;D;3544;2023K4;3751
1020;TOT;D;3544;2024K1;3884
1020;TOT;D;3544;2024K2;4018
1020;TOT;D;3544;2024K3;3944
1020;TOT;D;3544;2024K4;3973
1020;TOT;D;3544;2025K1;4072
1020;TOT;D;3544;2025K2;4174
1020;TOT;D;3544;2025K3;4042
1020;TOT;D;3544;2025K4;4125
1020;TOT;D;3544;2026K1;4203
1020;TOT;D;3544;2026K2;4296
1020;TOT;D;4554;2018K1;2754
1020;TOT;D;4554;2018K2;2782
1020;TOT;D;4554;2018K3;2780
1020;TOT;D;4554;2018K4;2825
1020;TOT;D;4554;2019K1;2924
1020;TOT;D;4554;2019K2;2939
1020;TOT;D;4554;2019K3;2850
1020;TOT;D;4554;2019K4;2841
1020;TOT;D;4554;2020K1;2903
1020;TOT;D;4554;2020K2;2896
1020;TOT;D;4554;2020K3;2954
1020;TOT;D;4554;2020K4;2988
1020;TOT;D;4554;2021K1;2687
1020;TOT;D;4554;2021K2;2705
1020;TOT;D;4554;2021K3;2707
1020;TOT;D;4554;2021K4;2772
1020;TOT;D;4554;2022K1;2786
1020;TOT;D;4554;2022K2;2710
1020;TOT;D;4554;2022K3;2754
1020;TOT;D;4554;2022K4;2986
1020;TOT;D;4554;2023K1;3080
1020;TOT;D;4554;2023K2;3212
1020;TOT;D;4554;2023K3;3292
1020;TOT;D;4554;2023K4;3363
1020;TOT;D;4554;2024K1;3401
1020;TOT;D;4554;2024K2;3503
1020;TOT;D;4554;2024K3;3465
1020;TOT;D;4554;2024K4;3490
1020;TOT;D;4554;2025K1;3541
1020;TOT;D;4554;2025K2;3599
1020;TOT;D;4554;2025K3;3599
1020;TOT;D;4554;2025K4;3625
1020;TOT;D;4554;2026K1;3630
1020;TOT;D;4554;2026K2;3631
1020;TOT;D;5564;2018K1;1970
1020;TOT;D;5564;2018K2;1992
1020;TOT;D;5564;2018K3;2022
1020;TOT;D;5564;2018K4;2074
1020;TOT;D;5564;2019K1;2227
1020;TOT;D;5564;2019K2;2254
1020;TOT;D;5564;2019K3;2249
1020;TOT;D;5564;2019K4;2274
1020;TOT;D;5564;2020K1;2413
1020;TOT;D;5564;2020K2;2431
1020;TOT;D;5564;2020K3;2422
1020;TOT;D;5564;2020K4;2490
1020;TOT;D;5564;2021K1;2256
1020;TOT;D;5564;2021K2;2319
1020;TOT;D;5564;2021K3;2325
1020;TOT;D;5564;2021K4;2393
1020;TOT;D;5564;2022K1;2442
1020;TOT;D;5564;2022K2;2407
1020;TOT;D;5564;2022K3;2416
1020;TOT;D;5564;2022K4;2606
1020;TOT;D;5564;2023K1;2650
1020;TOT;D;5564;2023K2;2724
1020;TOT;D;5564;2023K3;2758
1020;TOT;D;5564;2023K4;2838
1020;TOT;D;5564;2024K1;2889
1020;TOT;D;5564;2024K2;3002
1020;TOT;D;5564;2024K3;2965
1020;TOT;D;5564;2024K4;2992
1020;TOT;D;5564;2025K1;3018
1020;TOT;D;5564;2025K2;3067
1020;TOT;D;5564;2025K3;3119
1020;TOT;D;5564;2025K4;3132
1020;TOT;D;5564;2026K1;3158
1020;TOT;D;5564;2026K2;3169
1020;TOT;E;1524;2018K1;481
1020;TOT;E;1524;2018K2;503
1020;TOT;E;1524;2018K3;570
1020;TOT;E;1524;2018K4;521
1020;TOT;E;1524;2019K1;493
1020;TOT;E;1524;2019K2;501
1020;TOT;E;1524;2019K3;560
1020;TOT;E;1524;2019K4;525
1020;TOT;E;1524;2020K1;514
1020;TOT;E;1524;2020K2;544
1020;TOT;E;1524;2020K3;583
1020;TOT;E;1524;2020K4;543
1020;TOT;E;1524;2021K1;516
1020;TOT;E;1524;2021K2;541
1020;TOT;E;1524;2021K3;616
1020;TOT;E;1524;2021K4;599
1020;TOT;E;1524;2022K1;581
1020;TOT;E;1524;2022K2;628
1020;TOT;E;1524;2022K3;719
1020;TOT;E;1524;2022K4;644
1020;TOT;E;1524;2023K1;635
1020;TOT;E;1524;2023K2;691
1020;TOT;E;1524;2023K3;753
1020;TOT;E;1524;2023K4;703
1020;TOT;E;1524;2024K1;677
1020;TOT;E;1524;2024K2;680
1020;TOT;E;1524;2024K3;735
1020;TOT;E;1524;2024K4;704
1020;TOT;E;1524;2025K1;676
1020;TOT;E;1524;2025K2;685
1020;TOT;E;1524;2025K3;735
1020;TOT;E;1524;2025K4;681
1020;TOT;E;1524;2026K1;625
1020;TOT;E;1524;2026K2;666
1020;TOT;E;2534;2018K1;1464
1020;TOT;E;2534;2018K2;1484
1020;TOT;E;2534;2018K3;1524
1020;TOT;E;2534;2018K4;1510
1020;TOT;E;2534;2019K1;1492
1020;TOT;E;2534;2019K2;1525
1020;TOT;E;2534;2019K3;1590
1020;TOT;E;2534;2019K4;1549
1020;TOT;E;2534;2020K1;1577
1020;TOT;E;2534;2020K2;1622
1020;TOT;E;2534;2020K3;1680
1020;TOT;E;2534;2020K4;1669
1020;TOT;E;2534;2021K1;1665
1020;TOT;E;2534;2021K2;1725
1020;TOT;E;2534;2021K3;1802
1020;TOT;E;2534;2021K4;1812
1020;TOT;E;2534;2022K1;1844
1020;TOT;E;2534;2022K2;1905
1020;TOT;E;2534;2022K3;1978
1020;TOT;E;2534;2022K4;1944
1020;TOT;E;2534;2023K1;1954
1020;TOT;E;2534;2023K2;2089
1020;TOT;E;2534;2023K3;2174
1020;TOT;E;2534;2023K4;2203
1020;TOT;E;2534;2024K1;2239
1020;TOT;E;2534;2024K2;2317
1020;TOT;E;2534;2024K3;2373
1020;TOT;E;2534;2024K4;2361
1020;TOT;E;2534;2025K1;2336
1020;TOT;E;2534;2025K2;2410
1020;TOT;E;2534;2025K3;2426
1020;TOT;E;2534;2025K4;2375
1020;TOT;E;2534;2026K1;2354
1020;TOT;E;2534;2026K2;2407
1020;TOT;E;3544;2018K1;2167
1020;TOT;E;3544;2018K2;2154
1020;TOT;E;3544;2018K3;2129
1020;TOT;E;3544;2018K4;2127
1020;TOT;E;3544;2019K1;2090
1020;TOT;E;3544;2019K2;2067
1020;TOT;E;3544;2019K3;2089
1020;TOT;E;3544;2019K4;2077
1020;TOT;E;3544;2020K1;2057
1020;TOT;E;3544;2020K2;2064
1020;TOT;E;3544;2020K3;2090
1020;TOT;E;3544;2020K4;2091
1020;TOT;E;3544;2021K1;2094
1020;TOT;E;3544;2021K2;2111
1020;TOT;E;3544;2021K3;2149
1020;TOT;E;3544;2021K4;2175
1020;TOT;E;3544;2022K1;2162
1020;TOT;E;3544;2022K2;2201
1020;TOT;E;3544;2022K3;2232
1020;TOT;E;3544;2022K4;2258
1020;TOT;E;3544;2023K1;2275
1020;TOT;E;3544;2023K2;2347
1020;TOT;E;3544;2023K3;2370
1020;TOT;E;3544;2023K4;2393
1020;TOT;E;3544;2024K1;2414
1020;TOT;E;3544;2024K2;2470
1020;TOT;E;3544;2024K3;2499
1020;TOT;E;3544;2024K4;2514
1020;TOT;E;3544;2025K1;2481
1020;TOT;E;3544;2025K2;2540
1020;TOT;E;3544;2025K3;2643
1020;TOT;E;3544;2025K4;2702
1020;TOT;E;3544;2026K1;2668
1020;TOT;E;3544;2026K2;2711
1020;TOT;E;4554;2018K1;3473
1020;TOT;E;4554;2018K2;3489
1020;TOT;E;4554;2018K3;3510
1020;TOT;E;4554;2018K4;3482
1020;TOT;E;4554;2019K1;3401
1020;TOT;E;4554;2019K2;3399
1020;TOT;E;4554;2019K3;3381
1020;TOT;E;4554;2019K4;3334
1020;TOT;E;4554;2020K1;3279
1020;TOT;E;4554;2020K2;3271
1020;TOT;E;4554;2020K3;3273
1020;TOT;E;4554;2020K4;3269
1020;TOT;E;4554;2021K1;3273
1020;TOT;E;4554;2021K2;3350
1020;TOT;E;4554;2021K3;3367
1020;TOT;E;4554;2021K4;3339
1020;TOT;E;4554;2022K1;3312
1020;TOT;E;4554;2022K2;3343
1020;TOT;E;4554;2022K3;3354
1020;TOT;E;4554;2022K4;3362
1020;TOT;E;4554;2023K1;3331
1020;TOT;E;4554;2023K2;3388
1020;TOT;E;4554;2023K3;3456
1020;TOT;E;4554;2023K4;3463
1020;TOT;E;4554;2024K1;3445
1020;TOT;E;4554;2024K2;3464
1020;TOT;E;4554;2024K3;3463
1020;TOT;E;4554;2024K4;3477
1020;TOT;E;4554;2025K1;3406
1020;TOT;E;4554;2025K2;3439
1020;TOT;E;4554;2025K3;3451
1020;TOT;E;4554;2025K4;3459
1020;TOT;E;4554;2026K1;3418
1020;TOT;E;4554;2026K2;3432
1020;TOT;E;5564;2018K1;2807
1020;TOT;E;5564;2018K2;2883
1020;TOT;E;5564;2018K3;2928
1020;TOT;E;5564;2018K4;2970
1020;TOT;E;5564;2019K1;2916
1020;TOT;E;5564;2019K2;2993
1020;TOT;E;5564;2019K3;3051
1020;TOT;E;5564;2019K4;3084
1020;TOT;E;5564;2020K1;3069
1020;TOT;E;5564;2020K2;3146
1020;TOT;E;5564;2020K3;3251
1020;TOT;E;5564;2020K4;3282
1020;TOT;E;5564;2021K1;3337
1020;TOT;E;5564;2021K2;3466
1020;TOT;E;5564;2021K3;3576
1020;TOT;E;5564;2021K4;3663
1020;TOT;E;5564;2022K1;3633
1020;TOT;E;5564;2022K2;3709
1020;TOT;E;5564;2022K3;3811
1020;TOT;E;5564;2022K4;3823
1020;TOT;E;5564;2023K1;3788
1020;TOT;E;5564;2023K2;3904
1020;TOT;E;5564;2023K3;3947
1020;TOT;E;5564;2023K4;3959
1020;TOT;E;5564;2024K1;3919
1020;TOT;E;5564;2024K2;3978
1020;TOT;E;5564;2024K3;3996
1020;TOT;E;5564;2024K4;4035
1020;TOT;E;5564;2025K1;3865
1020;TOT;E;5564;2025K2;3916
1020;TOT;E;5564;2025K3;3980
1020;TOT;E;5564;2025K4;3992
1020;TOT;E;5564;2026K1;3916
1020;TOT;E;5564;2026K2;3936
1020;TOT;F;1524;2018K1;21351
1020;TOT;F;1524;2018K2;21385
1020;TOT;F;1524;2018K3;22910
1020;TOT;F;1524;2018K4;22701
1020;TOT;F;1524;2019K1;21992
1020;TOT;F;1524;2019K2;21891
1020;TOT;F;1524;2019K3;23073
1020;TOT;F;1524;2019K4;22906
1020;TOT;F;1524;2020K1;22272
1020;TOT;F;1524;2020K2;22156
1020;TOT;F;1524;2020K3;23665
1020;TOT;F;1524;2020K4;24106
1020;TOT;F;1524;2021K1;23903
1020;TOT;F;1524;2021K2;23844
1020;TOT;F;1524;2021K3;25049
1020;TOT;F;1524;2021K4;25102
1020;TOT;F;1524;2022K1;24949
1020;TOT;F;1524;2022K2;24809
1020;TOT;F;1524;2022K3;25743
1020;TOT;F;1524;2022K4;25571
1020;TOT;F;1524;2023K1;24831
1020;TOT;F;1524;2023K2;24500
1020;TOT;F;1524;2023K3;25845
1020;TOT;F;1524;2023K4;25820
1020;TOT;F;1524;2024K1;25235
1020;TOT;F;1524;2024K2;25182
1020;TOT;F;1524;2024K3;26737
1020;TOT;F;1524;2024K4;26889
1020;TOT;F;1524;2025K1;26490
1020;TOT;F;1524;2025K2;26463
1020;TOT;F;1524;2025K3;27938
1020;TOT;F;1524;2025K4;28005
1020;TOT;F;1524;2026K1;27220
1020;TOT;F;1524;2026K2;27302
1020;TOT;F;2534;2018K1;33747
1020;TOT;F;2534;2018K2;34683
1020;TOT;F;2534;2018K3;35477
1020;TOT;F;2534;2018K4;35531
1020;TOT;F;2534;2019K1;35012
1020;TOT;F;2534;2019K2;35554
1020;TOT;F;2534;2019K3;35933
1020;TOT;F;2534;2019K4;36026
1020;TOT;F;2534;2020K1;35623
1020;TOT;F;2534;2020K2;35505
1020;TOT;F;2534;2020K3;36442
1020;TOT;F;2534;2020K4;37084
1020;TOT;F;2534;2021K1;36989
1020;TOT;F;2534;2021K2;37977
1020;TOT;F;2534;2021K3;38493
1020;TOT;F;2534;2021K4;38671
1020;TOT;F;2534;2022K1;38601
1020;TOT;F;2534;2022K2;39276
1020;TOT;F;2534;2022K3;39415
1020;TOT;F;2534;2022K4;39330
1020;TOT;F;2534;2023K1;38365
1020;TOT;F;2534;2023K2;38262
1020;TOT;F;2534;2023K3;38560
1020;TOT;F;2534;2023K4;38407
1020;TOT;F;2534;2024K1;37752
1020;TOT;F;2534;2024K2;38106
1020;TOT;F;2534;2024K3;38443
1020;TOT;F;2534;2024K4;38302
1020;TOT;F;2534;2025K1;37613
1020;TOT;F;2534;2025K2;38003
1020;TOT;F;2534;2025K3;38469
1020;TOT;F;2534;2025K4;38421
1020;TOT;F;2534;2026K1;37590
1020;TOT;F;2534;2026K2;38078
1020;TOT;F;3544;2018K1;33811
1020;TOT;F;3544;2018K2;34293
1020;TOT;F;3544;2018K3;34699
1020;TOT;F;3544;2018K4;34888
1020;TOT;F;3544;2019K1;34292
1020;TOT;F;3544;2019K2;34662
1020;TOT;F;3544;2019K3;34633
1020;TOT;F;3544;2019K4;34692
1020;TOT;F;3544;2020K1;34210
1020;TOT;F;3544;2020K2;34055
1020;TOT;F;3544;2020K3;34585
1020;TOT;F;3544;2020K4;35216
1020;TOT;F;3544;2021K1;34998
1020;TOT;F;3544;2021K2;35648
1020;TOT;F;3544;2021K3;36000
1020;TOT;F;3544;2021K4;36279
1020;TOT;F;3544;2022K1;36168
1020;TOT;F;3544;2022K2;36647
1020;TOT;F;3544;2022K3;36777
1020;TOT;F;3544;2022K4;36803
1020;TOT;F;3544;2023K1;36232
1020;TOT;F;3544;2023K2;36248
1020;TOT;F;3544;2023K3;36477
1020;TOT;F;3544;2023K4;36630
1020;TOT;F;3544;2024K1;36063
1020;TOT;F;3544;2024K2;36349
1020;TOT;F;3544;2024K3;36668
1020;TOT;F;3544;2024K4;36824
1020;TOT;F;3544;2025K1;36561
1020;TOT;F;3544;2025K2;37012
1020;TOT;F;3544;2025K3;37718
1020;TOT;F;3544;2025K4;37818
1020;TOT;F;3544;2026K1;37236
1020;TOT;F;3544;2026K2;37699
1020;TOT;F;4554;2018K1;34740
1020;TOT;F;4554;2018K2;35259
1020;TOT;F;4554;2018K3;35546
1020;TOT;F;4554;2018K4;35622
1020;TOT;F;4554;2019K1;35006
1020;TOT;F;4554;2019K2;35377
1020;TOT;F;4554;2019K3;35348
1020;TOT;F;4554;2019K4;35449
1020;TOT;F;4554;2020K1;35035
1020;TOT;F;4554;2020K2;34918
1020;TOT;F;4554;2020K3;35292
1020;TOT;F;4554;2020K4;35752
1020;TOT;F;4554;2021K1;35471
1020;TOT;F;4554;2021K2;36036
1020;TOT;F;4554;2021K3;36276
1020;TOT;F;4554;2021K4;36346
1020;TOT;F;4554;2022K1;35902
1020;TOT;F;4554;2022K2;36057
1020;TOT;F;4554;2022K3;35933
1020;TOT;F;4554;2022K4;35897
1020;TOT;F;4554;2023K1;35356
1020;TOT;F;4554;2023K2;35344
1020;TOT;F;4554;2023K3;35406
1020;TOT;F;4554;2023K4;35485
1020;TOT;F;4554;2024K1;34879
1020;TOT;F;4554;2024K2;34997
1020;TOT;F;4554;2024K3;35108
1020;TOT;F;4554;2024K4;35177
1020;TOT;F;4554;2025K1;34704
1020;TOT;F;4554;2025K2;34965
1020;TOT;F;4554;2025K3;35494
1020;TOT;F;4554;2025K4;35495
1020;TOT;F;4554;2026K1;34808
1020;TOT;F;4554;2026K2;35039
1020;TOT;F;5564;2018K1;22794
1020;TOT;F;5564;2018K2;23640
1020;TOT;F;5564;2018K3;24238
1020;TOT;F;5564;2018K4;24650
1020;TOT;F;5564;2019K1;24394
1020;TOT;F;5564;2019K2;25180
1020;TOT;F;5564;2019K3;25482
1020;TOT;F;5564;2019K4;25791
1020;TOT;F;5564;2020K1;25489
1020;TOT;F;5564;2020K2;25727
1020;TOT;F;5564;2020K3;26181
1020;TOT;F;5564;2020K4;26759
1020;TOT;F;5564;2021K1;26530
1020;TOT;F;5564;2021K2;27285
1020;TOT;F;5564;2021K3;27812
1020;TOT;F;5564;2021K4;28177
1020;TOT;F;5564;2022K1;28098
1020;TOT;F;5564;2022K2;28747
1020;TOT;F;5564;2022K3;28958
1020;TOT;F;5564;2022K4;29043
1020;TOT;F;5564;2023K1;28633
1020;TOT;F;5564;2023K2;28902
1020;TOT;F;5564;2023K3;29061
1020;TOT;F;5564;2023K4;29233
1020;TOT;F;5564;2024K1;28876
1020;TOT;F;5564;2024K2;29267
1020;TOT;F;5564;2024K3;29559
1020;TOT;F;5564;2024K4;29745
1020;TOT;F;5564;2025K1;29245
1020;TOT;F;5564;2025K2;29551
1020;TOT;F;5564;2025K3;29893
1020;TOT;F;5564;2025K4;29950
1020;TOT;F;5564;2026K1;29233
1020;TOT;F;5564;2026K2;29826
1020;TOT;GHI;1524;2018K1;191058
1020;TOT;GHI;1524;2018K2;199056
1020;TOT;GHI;1524;2018K3;205130
1020;TOT;GHI;1524;2018K4;198046
1020;TOT;GHI;1524;2019K1;192848
1020;TOT;GHI;1524;2019K2;200302
1020;TOT;GHI;1524;2019K3;205230
1020;TOT;GHI;1524;2019K4;199854
1020;TOT;GHI;1524;2020K1;192393
1020;TOT;GHI;1524;2020K2;184012
1020;TOT;GHI;1524;2020K3;198154
1020;TOT;GHI;1524;2020K4;189983
1020;TOT;GHI;1524;2021K1;173139
1020;TOT;GHI;1524;2021K2;188560
1020;TOT;GHI;1524;2021K3;208301
1020;TOT;GHI;1524;2021K4;209551
1020;TOT;GHI;1524;2022K1;202298
1020;TOT;GHI;1524;2022K2;214245
1020;TOT;GHI;1524;2022K3;217834
1020;TOT;GHI;1524;2022K4;211760
1020;TOT;GHI;1524;2023K1;204966
1020;TOT;GHI;1524;2023K2;213578
1020;TOT;GHI;1524;2023K3;218490
1020;TOT;GHI;1524;2023K4;211925
1020;TOT;GHI;1524;2024K1;205780
1020;TOT;GHI;1524;2024K2;214289
1020;TOT;GHI;1524;2024K3;216994
1020;TOT;GHI;1524;2024K4;211746
1020;TOT;GHI;1524;2025K1;206470
1020;TOT;GHI;1524;2025K2;215972
1020;TOT;GHI;1524;2025K3;219020
1020;TOT;GHI;1524;2025K4;213812
1020;TOT;GHI;1524;2026K1;208232
1020;TOT;GHI;1524;2026K2;218209
1020;TOT;GHI;2534;2018K1;110123
1020;TOT;GHI;2534;2018K2;113413
1020;TOT;GHI;2534;2018K3;114738
1020;TOT;GHI;2534;2018K4;114207
1020;TOT;GHI;2534;2019K1;112981
1020;TOT;GHI;2534;2019K2;116066
1020;TOT;GHI;2534;2019K3;117191
1020;TOT;GHI;2534;2019K4;117107
1020;TOT;GHI;2534;2020K1;115479
1020;TOT;GHI;2534;2020K2;111276
1020;TOT;GHI;2534;2020K3;113727
1020;TOT;GHI;2534;2020K4;112436
1020;TOT;GHI;2534;2021K1;107838
1020;TOT;GHI;2534;2021K2;113071
1020;TOT;GHI;2534;2021K3;117745
1020;TOT;GHI;2534;2021K4;119622
1020;TOT;GHI;2534;2022K1;119053
1020;TOT;GHI;2534;2022K2;123577
1020;TOT;GHI;2534;2022K3;124868
1020;TOT;GHI;2534;2022K4;123694
1020;TOT;GHI;2534;2023K1;121643
1020;TOT;GHI;2534;2023K2;124651
1020;TOT;GHI;2534;2023K3;126078
1020;TOT;GHI;2534;2023K4;125186
1020;TOT;GHI;2534;2024K1;123683
1020;TOT;GHI;2534;2024K2;126397
1020;TOT;GHI;2534;2024K3;126741
1020;TOT;GHI;2534;2024K4;126062
1020;TOT;GHI;2534;2025K1;124726
1020;TOT;GHI;2534;2025K2;127622
1020;TOT;GHI;2534;2025K3;128484
1020;TOT;GHI;2534;2025K4;128282
1020;TOT;GHI;2534;2026K1;127340
1020;TOT;GHI;2534;2026K2;130149
1020;TOT;GHI;3544;2018K1;105618
1020;TOT;GHI;3544;2018K2;106185
1020;TOT;GHI;3544;2018K3;105725
1020;TOT;GHI;3544;2018K4;104794
1020;TOT;GHI;3544;2019K1;102907
1020;TOT;GHI;3544;2019K2;103346
1020;TOT;GHI;3544;2019K3;103051
1020;TOT;GHI;3544;2019K4;102241
1020;TOT;GHI;3544;2020K1;100489
1020;TOT;GHI;3544;2020K2;97388
1020;TOT;GHI;3544;2020K3;97485
1020;TOT;GHI;3544;2020K4;96686
1020;TOT;GHI;3544;2021K1;94230
1020;TOT;GHI;3544;2021K2;95965
1020;TOT;GHI;3544;2021K3;98034
1020;TOT;GHI;3544;2021K4;99382
1020;TOT;GHI;3544;2022K1;98725
1020;TOT;GHI;3544;2022K2;100336
1020;TOT;GHI;3544;2022K3;101044
1020;TOT;GHI;3544;2022K4;100776
1020;TOT;GHI;3544;2023K1;99628
1020;TOT;GHI;3544;2023K2;100488
1020;TOT;GHI;3544;2023K3;100896
1020;TOT;GHI;3544;2023K4;100805
1020;TOT;GHI;3544;2024K1;99925
1020;TOT;GHI;3544;2024K2;101084
1020;TOT;GHI;3544;2024K3;101245
1020;TOT;GHI;3544;2024K4;100748
1020;TOT;GHI;3544;2025K1;100106
1020;TOT;GHI;3544;2025K2;101342
1020;TOT;GHI;3544;2025K3;101643
1020;TOT;GHI;3544;2025K4;101989
1020;TOT;GHI;3544;2026K1;101636
1020;TOT;GHI;3544;2026K2;103404
1020;TOT;GHI;4554;2018K1;121147
1020;TOT;GHI;4554;2018K2;122148
1020;TOT;GHI;4554;2018K3;122252
1020;TOT;GHI;4554;2018K4;121877
1020;TOT;GHI;4554;2019K1;120204
1020;TOT;GHI;4554;2019K2;121125
1020;TOT;GHI;4554;2019K3;121034
1020;TOT;GHI;4554;2019K4;120946
1020;TOT;GHI;4554;2020K1;119618
1020;TOT;GHI;4554;2020K2;116721
1020;TOT;GHI;4554;2020K3;117253
1020;TOT;GHI;4554;2020K4;116491
1020;TOT;GHI;4554;2021K1;113464
1020;TOT;GHI;4554;2021K2;114898
1020;TOT;GHI;4554;2021K3;116297
1020;TOT;GHI;4554;2021K4;116977
1020;TOT;GHI;4554;2022K1;116194
1020;TOT;GHI;4554;2022K2;117172
1020;TOT;GHI;4554;2022K3;117212
1020;TOT;GHI;4554;2022K4;116374
1020;TOT;GHI;4554;2023K1;114911
1020;TOT;GHI;4554;2023K2;115303
1020;TOT;GHI;4554;2023K3;115077
1020;TOT;GHI;4554;2023K4;114142
1020;TOT;GHI;4554;2024K1;112668
1020;TOT;GHI;4554;2024K2;113141
1020;TOT;GHI;4554;2024K3;112646
1020;TOT;GHI;4554;2024K4;111685
1020;TOT;GHI;4554;2025K1;110455
1020;TOT;GHI;4554;2025K2;110890
1020;TOT;GHI;4554;2025K3;110174
1020;TOT;GHI;4554;2025K4;109461
1020;TOT;GHI;4554;2026K1;107994
1020;TOT;GHI;4554;2026K2;107747
1020;TOT;GHI;5564;2018K1;77774
1020;TOT;GHI;5564;2018K2;79960
1020;TOT;GHI;5564;2018K3;81437
1020;TOT;GHI;5564;2018K4;82190
1020;TOT;GHI;5564;2019K1;82262
1020;TOT;GHI;5564;2019K2;84507
1020;TOT;GHI;5564;2019K3;85854
1020;TOT;GHI;5564;2019K4;86730
1020;TOT;GHI;5564;2020K1;86538
1020;TOT;GHI;5564;2020K2;85778
1020;TOT;GHI;5564;2020K3;87206
1020;TOT;GHI;5564;2020K4;87478
1020;TOT;GHI;5564;2021K1;86105
1020;TOT;GHI;5564;2021K2;88813
1020;TOT;GHI;5564;2021K3;91172
1020;TOT;GHI;5564;2021K4;93082
1020;TOT;GHI;5564;2022K1;93626
1020;TOT;GHI;5564;2022K2;95933
1020;TOT;GHI;5564;2022K3;97012
1020;TOT;GHI;5564;2022K4;97648
1020;TOT;GHI;5564;2023K1;97576
1020;TOT;GHI;5564;2023K2;99515
1020;TOT;GHI;5564;2023K3;100137
1020;TOT;GHI;5564;2023K4;100278
1020;TOT;GHI;5564;2024K1;100035
1020;TOT;GHI;5564;2024K2;101501
1020;TOT;GHI;5564;2024K3;101871
1020;TOT;GHI;5564;2024K4;101662
1020;TOT;GHI;5564;2025K1;101263
1020;TOT;GHI;5564;2025K2;102719
1020;TOT;GHI;5564;2025K3;102920
1020;TOT;GHI;5564;2025K4;102895
1020;TOT;GHI;5564;2026K1;102408
1020;TOT;GHI;5564;2026K2;103811
1020;TOT;G;1524;2018K1;130862
1020;TOT;G;1524;2018K2;131288
1020;TOT;G;1524;2018K3;134491
1020;TOT;G;1524;2018K4;132529
1020;TOT;G;1524;2019K1;130357
1020;TOT;G;1524;2019K2;130429
1020;TOT;G;1524;2019K3;132889
1020;TOT;G;1524;2019K4;132800
1020;TOT;G;1524;2020K1;129707
1020;TOT;G;1524;2020K2;127906
1020;TOT;G;1524;2020K3;131221
1020;TOT;G;1524;2020K4;132575
1020;TOT;G;1524;2021K1;128498
1020;TOT;G;1524;2021K2;130762
1020;TOT;G;1524;2021K3;135247
1020;TOT;G;1524;2021K4;137635
1020;TOT;G;1524;2022K1;135950
1020;TOT;G;1524;2022K2;136565
1020;TOT;G;1524;2022K3;138272
1020;TOT;G;1524;2022K4;139041
1020;TOT;G;1524;2023K1;136003
1020;TOT;G;1524;2023K2;136115
1020;TOT;G;1524;2023K3;138377
1020;TOT;G;1524;2023K4;137795
1020;TOT;G;1524;2024K1;135498
1020;TOT;G;1524;2024K2;136197
1020;TOT;G;1524;2024K3;137221
1020;TOT;G;1524;2024K4;137324
1020;TOT;G;1524;2025K1;135067
1020;TOT;G;1524;2025K2;136511
1020;TOT;G;1524;2025K3;137400
1020;TOT;G;1524;2025K4;137716
1020;TOT;G;1524;2026K1;135412
1020;TOT;G;1524;2026K2;136419
1020;TOT;G;2534;2018K1;67772
1020;TOT;G;2534;2018K2;68885
1020;TOT;G;2534;2018K3;69485
1020;TOT;G;2534;2018K4;69908
1020;TOT;G;2534;2019K1;69507
1020;TOT;G;2534;2019K2;70296
1020;TOT;G;2534;2019K3;70462
1020;TOT;G;2534;2019K4;71145
1020;TOT;G;2534;2020K1;70813
1020;TOT;G;2534;2020K2;70373
1020;TOT;G;2534;2020K3;70337
1020;TOT;G;2534;2020K4;71467
1020;TOT;G;2534;2021K1;71084
1020;TOT;G;2534;2021K2;72965
1020;TOT;G;2534;2021K3;73819
1020;TOT;G;2534;2021K4;74993
1020;TOT;G;2534;2022K1;75508
1020;TOT;G;2534;2022K2;76663
1020;TOT;G;2534;2022K3;76575
1020;TOT;G;2534;2022K4;76432
1020;TOT;G;2534;2023K1;75252
1020;TOT;G;2534;2023K2;75633
1020;TOT;G;2534;2023K3;75613
1020;TOT;G;2534;2023K4;75601
1020;TOT;G;2534;2024K1;75154
1020;TOT;G;2534;2024K2;75768
1020;TOT;G;2534;2024K3;75642
1020;TOT;G;2534;2024K4;75732
1020;TOT;G;2534;2025K1;75053
1020;TOT;G;2534;2025K2;75617
1020;TOT;G;2534;2025K3;75525
1020;TOT;G;2534;2025K4;75749
1020;TOT;G;2534;2026K1;75310
1020;TOT;G;2534;2026K2;75873
1020;TOT;G;3544;2018K1;68044
1020;TOT;G;3544;2018K2;67747
1020;TOT;G;3544;2018K3;67089
1020;TOT;G;3544;2018K4;66653
1020;TOT;G;3544;2019K1;65436
1020;TOT;G;3544;2019K2;65154
1020;TOT;G;3544;2019K3;64694
1020;TOT;G;3544;2019K4;64367
1020;TOT;G;3544;2020K1;63587
1020;TOT;G;3544;2020K2;62460
1020;TOT;G;3544;2020K3;61592
1020;TOT;G;3544;2020K4;61768
1020;TOT;G;3544;2021K1;61345
1020;TOT;G;3544;2021K2;61878
1020;TOT;G;3544;2021K3;62218
1020;TOT;G;3544;2021K4;62809
1020;TOT;G;3544;2022K1;62800
1020;TOT;G;3544;2022K2;63043
1020;TOT;G;3544;2022K3;62916
1020;TOT;G;3544;2022K4;62828
1020;TOT;G;3544;2023K1;62128
1020;TOT;G;3544;2023K2;61714
1020;TOT;G;3544;2023K3;61308
1020;TOT;G;3544;2023K4;61265
1020;TOT;G;3544;2024K1;60907
1020;TOT;G;3544;2024K2;61152
1020;TOT;G;3544;2024K3;61076
1020;TOT;G;3544;2024K4;60873
1020;TOT;G;3544;2025K1;60628
1020;TOT;G;3544;2025K2;60861
1020;TOT;G;3544;2025K3;60745
1020;TOT;G;3544;2025K4;60925
1020;TOT;G;3544;2026K1;60818
1020;TOT;G;3544;2026K2;61420
1020;TOT;G;4554;2018K1;77292
1020;TOT;G;4554;2018K2;77583
1020;TOT;G;4554;2018K3;77591
1020;TOT;G;4554;2018K4;77786
1020;TOT;G;4554;2019K1;76974
1020;TOT;G;4554;2019K2;77119
1020;TOT;G;4554;2019K3;76881
1020;TOT;G;4554;2019K4;77249
1020;TOT;G;4554;2020K1;76931
1020;TOT;G;4554;2020K2;76129
1020;TOT;G;4554;2020K3;75828
1020;TOT;G;4554;2020K4;75991
1020;TOT;G;4554;2021K1;75215
1020;TOT;G;4554;2021K2;75752
1020;TOT;G;4554;2021K3;75861
1020;TOT;G;4554;2021K4;76278
1020;TOT;G;4554;2022K1;76255
1020;TOT;G;4554;2022K2;76283
1020;TOT;G;4554;2022K3;75861
1020;TOT;G;4554;2022K4;75518
1020;TOT;G;4554;2023K1;74658
1020;TOT;G;4554;2023K2;74272
1020;TOT;G;4554;2023K3;73834
1020;TOT;G;4554;2023K4;73428
1020;TOT;G;4554;2024K1;72648
1020;TOT;G;4554;2024K2;72546
1020;TOT;G;4554;2024K3;72071
1020;TOT;G;4554;2024K4;71462
1020;TOT;G;4554;2025K1;70797
1020;TOT;G;4554;2025K2;70564
1020;TOT;G;4554;2025K3;69879
1020;TOT;G;4554;2025K4;69437
1020;TOT;G;4554;2026K1;68538
1020;TOT;G;4554;2026K2;67877
1020;TOT;G;5564;2018K1;44819
1020;TOT;G;5564;2018K2;45852
1020;TOT;G;5564;2018K3;46656
1020;TOT;G;5564;2018K4;47451
1020;TOT;G;5564;2019K1;47675
1020;TOT;G;5564;2019K2;48750
1020;TOT;G;5564;2019K3;49616
1020;TOT;G;5564;2019K4;50496
1020;TOT;G;5564;2020K1;50781
1020;TOT;G;5564;2020K2;51085
1020;TOT;G;5564;2020K3;51656
1020;TOT;G;5564;2020K4;52372
1020;TOT;G;5564;2021K1;52537
1020;TOT;G;5564;2021K2;54001
1020;TOT;G;5564;2021K3;55019
1020;TOT;G;5564;2021K4;56579
1020;TOT;G;5564;2022K1;57477
1020;TOT;G;5564;2022K2;58685
1020;TOT;G;5564;2022K3;59317
1020;TOT;G;5564;2022K4;59997
1020;TOT;G;5564;2023K1;60163
1020;TOT;G;5564;2023K2;60913
1020;TOT;G;5564;2023K3;61179
1020;TOT;G;5564;2023K4;61517
1020;TOT;G;5564;2024K1;61733
1020;TOT;G;5564;2024K2;62484
1020;TOT;G;5564;2024K3;62612
1020;TOT;G;5564;2024K4;62676
1020;TOT;G;5564;2025K1;62652
1020;TOT;G;5564;2025K2;63275
1020;TOT;G;5564;2025K3;63363
1020;TOT;G;5564;2025K4;63462
1020;TOT;G;5564;2026K1;63531
1020;TOT;G;5564;2026K2;64173
1020;TOT;H;1524;2018K1;12187
1020;TOT;H;1524;2018K2;12798
1020;TOT;H;1524;2018K3;13255
1020;TOT;H;1524;2018K4;13265
1020;TOT;H;1524;2019K1;13142
1020;TOT;H;1524;2019K2;13533
1020;TOT;H;1524;2019K3;13846
1020;TOT;H;1524;2019K4;13657
1020;TOT;H;1524;2020K1;13275
1020;TOT;H;1524;2020K2;13196
1020;TOT;H;1524;2020K3;13018
1020;TOT;H;1524;2020K4;12851
1020;TOT;H;1524;2021K1;13052
1020;TOT;H;1524;2021K2;13464
1020;TOT;H;1524;2021K3;13772
1020;TOT;H;1524;2021K4;13899
1020;TOT;H;1524;2022K1;13837
1020;TOT;H;1524;2022K2;13979
1020;TOT;H;1524;2022K3;13889
1020;TOT;H;1524;2022K4;13902
1020;TOT;H;1524;2023K1;13538
1020;TOT;H;1524;2023K2;13831
1020;TOT;H;1524;2023K3;14352
1020;TOT;H;1524;2023K4;14443
1020;TOT;H;1524;2024K1;14212
1020;TOT;H;1524;2024K2;14347
1020;TOT;H;1524;2024K3;14121
1020;TOT;H;1524;2024K4;14160
1020;TOT;H;1524;2025K1;14086
1020;TOT;H;1524;2025K2;14176
1020;TOT;H;1524;2025K3;14106
1020;TOT;H;1524;2025K4;14505
1020;TOT;H;1524;2026K1;14460
1020;TOT;H;1524;2026K2;15130
1020;TOT;H;2534;2018K1;19293
1020;TOT;H;2534;2018K2;19974
1020;TOT;H;2534;2018K3;20317
1020;TOT;H;2534;2018K4;20258
1020;TOT;H;2534;2019K1;20159
1020;TOT;H;2534;2019K2;20627
1020;TOT;H;2534;2019K3;20961
1020;TOT;H;2534;2019K4;20896
1020;TOT;H;2534;2020K1;20680
1020;TOT;H;2534;2020K2;19926
1020;TOT;H;2534;2020K3;19841
1020;TOT;H;2534;2020K4;19571
1020;TOT;H;2534;2021K1;19257
1020;TOT;H;2534;2021K2;19765
1020;TOT;H;2534;2021K3;20475
1020;TOT;H;2534;2021K4;21025
1020;TOT;H;2534;2022K1;21334
1020;TOT;H;2534;2022K2;21946
1020;TOT;H;2534;2022K3;22399
1020;TOT;H;2534;2022K4;22447
1020;TOT;H;2534;2023K1;22378
1020;TOT;H;2534;2023K2;23080
1020;TOT;H;2534;2023K3;24051
1020;TOT;H;2534;2023K4;24245
1020;TOT;H;2534;2024K1;24255
1020;TOT;H;2534;2024K2;24359
1020;TOT;H;2534;2024K3;24176
1020;TOT;H;2534;2024K4;24224
1020;TOT;H;2534;2025K1;24304
1020;TOT;H;2534;2025K2;24629
1020;TOT;H;2534;2025K3;24745
1020;TOT;H;2534;2025K4;25237
1020;TOT;H;2534;2026K1;25548
1020;TOT;H;2534;2026K2;26027
1020;TOT;H;3544;2018K1;24053
1020;TOT;H;3544;2018K2;24182
1020;TOT;H;3544;2018K3;24225
1020;TOT;H;3544;2018K4;24030
1020;TOT;H;3544;2019K1;23640
1020;TOT;H;3544;2019K2;23658
1020;TOT;H;3544;2019K3;23558
1020;TOT;H;3544;2019K4;23368
1020;TOT;H;3544;2020K1;22883
1020;TOT;H;3544;2020K2;22112
1020;TOT;H;3544;2020K3;22054
1020;TOT;H;3544;2020K4;21859
1020;TOT;H;3544;2021K1;21324
1020;TOT;H;3544;2021K2;21543
1020;TOT;H;3544;2021K3;21901
1020;TOT;H;3544;2021K4;22277
1020;TOT;H;3544;2022K1;22188
1020;TOT;H;3544;2022K2;22426
1020;TOT;H;3544;2022K3;22731
1020;TOT;H;3544;2022K4;22967
1020;TOT;H;3544;2023K1;22887
1020;TOT;H;3544;2023K2;23221
1020;TOT;H;3544;2023K3;23788
1020;TOT;H;3544;2023K4;23975
1020;TOT;H;3544;2024K1;23790
1020;TOT;H;3544;2024K2;23847
1020;TOT;H;3544;2024K3;23831
1020;TOT;H;3544;2024K4;23899
1020;TOT;H;3544;2025K1;23879
1020;TOT;H;3544;2025K2;23952
1020;TOT;H;3544;2025K3;23988
1020;TOT;H;3544;2025K4;24390
1020;TOT;H;3544;2026K1;24441
1020;TOT;H;3544;2026K2;24700
1020;TOT;H;4554;2018K1;32367
1020;TOT;H;4554;2018K2;32462
1020;TOT;H;4554;2018K3;32428
1020;TOT;H;4554;2018K4;32092
1020;TOT;H;4554;2019K1;31495
1020;TOT;H;4554;2019K2;31527
1020;TOT;H;4554;2019K3;31463
1020;TOT;H;4554;2019K4;31323
1020;TOT;H;4554;2020K1;30767
1020;TOT;H;4554;2020K2;29596
1020;TOT;H;4554;2020K3;29457
1020;TOT;H;4554;2020K4;29039
1020;TOT;H;4554;2021K1;28103
1020;TOT;H;4554;2021K2;27998
1020;TOT;H;4554;2021K3;28183
1020;TOT;H;4554;2021K4;28255
1020;TOT;H;4554;2022K1;27922
1020;TOT;H;4554;2022K2;27953
1020;TOT;H;4554;2022K3;28038
1020;TOT;H;4554;2022K4;27920
1020;TOT;H;4554;2023K1;27598
1020;TOT;H;4554;2023K2;27618
1020;TOT;H;4554;2023K3;27673
1020;TOT;H;4554;2023K4;27482
1020;TOT;H;4554;2024K1;27207
1020;TOT;H;4554;2024K2;27172
1020;TOT;H;4554;2024K3;27002
1020;TOT;H;4554;2024K4;26908
1020;TOT;H;4554;2025K1;26675
1020;TOT;H;4554;2025K2;26761
1020;TOT;H;4554;2025K3;26581
1020;TOT;H;4554;2025K4;26536
1020;TOT;H;4554;2026K1;26266
1020;TOT;H;4554;2026K2;26198
1020;TOT;H;5564;2018K1;26297
1020;TOT;H;5564;2018K2;26824
1020;TOT;H;5564;2018K3;27279
1020;TOT;H;5564;2018K4;27459
1020;TOT;H;5564;2019K1;27411
1020;TOT;H;5564;2019K2;27959
1020;TOT;H;5564;2019K3;28180
1020;TOT;H;5564;2019K4;28384
1020;TOT;H;5564;2020K1;28162
1020;TOT;H;5564;2020K2;27564
1020;TOT;H;5564;2020K3;27674
1020;TOT;H;5564;2020K4;27665
1020;TOT;H;5564;2021K1;27098
1020;TOT;H;5564;2021K2;27481
1020;TOT;H;5564;2021K3;27881
1020;TOT;H;5564;2021K4;28100
1020;TOT;H;5564;2022K1;27923
1020;TOT;H;5564;2022K2;28233
1020;TOT;H;5564;2022K3;28463
1020;TOT;H;5564;2022K4;28640
1020;TOT;H;5564;2023K1;28509
1020;TOT;H;5564;2023K2;28952
1020;TOT;H;5564;2023K3;29140
1020;TOT;H;5564;2023K4;29176
1020;TOT;H;5564;2024K1;28980
1020;TOT;H;5564;2024K2;29147
1020;TOT;H;5564;2024K3;29191
1020;TOT;H;5564;2024K4;29168
1020;TOT;H;5564;2025K1;29010
1020;TOT;H;5564;2025K2;29265
1020;TOT;H;5564;2025K3;29207
1020;TOT;H;5564;2025K4;29293
1020;TOT;H;5564;2026K1;28911
1020;TOT;H;5564;2026K2;29050
1020;TOT;I;1524;2018K1;48010
1020;TOT;I;1524;2018K2;54970
1020;TOT;I;1524;2018K3;57385
1020;TOT;I;1524;2018K4;52252
1020;TOT;I;1524;2019K1;49349
1020;TOT;I;1524;2019K2;56340
1020;TOT;I;1524;2019K3;58495
1020;TOT;I;1524;2019K4;53397
1020;TOT;I;1524;2020K1;49412
1020;TOT;I;1524;2020K2;42909
1020;TOT;I;1524;2020K3;53914
1020;TOT;I;1524;2020K4;44557
1020;TOT;I;1524;2021K1;31589
1020;TOT;I;1524;2021K2;44334
1020;TOT;I;1524;2021K3;59282
1020;TOT;I;1524;2021K4;58017
1020;TOT;I;1524;2022K1;52512
1020;TOT;I;1524;2022K2;63701
1020;TOT;I;1524;2022K3;65672
1020;TOT;I;1524;2022K4;58816
1020;TOT;I;1524;2023K1;55425
1020;TOT;I;1524;2023K2;63632
1020;TOT;I;1524;2023K3;65760
1020;TOT;I;1524;2023K4;59687
1020;TOT;I;1524;2024K1;56070
1020;TOT;I;1524;2024K2;63745
1020;TOT;I;1524;2024K3;65653
1020;TOT;I;1524;2024K4;60262
1020;TOT;I;1524;2025K1;57317
1020;TOT;I;1524;2025K2;65284
1020;TOT;I;1524;2025K3;67514
1020;TOT;I;1524;2025K4;61591
1020;TOT;I;1524;2026K1;58360
1020;TOT;I;1524;2026K2;66660
1020;TOT;I;2534;2018K1;23058
1020;TOT;I;2534;2018K2;24554
1020;TOT;I;2534;2018K3;24935
1020;TOT;I;2534;2018K4;24041
1020;TOT;I;2534;2019K1;23315
1020;TOT;I;2534;2019K2;25144
1020;TOT;I;2534;2019K3;25768
1020;TOT;I;2534;2019K4;25066
1020;TOT;I;2534;2020K1;23986
1020;TOT;I;2534;2020K2;20977
1020;TOT;I;2534;2020K3;23549
1020;TOT;I;2534;2020K4;21397
1020;TOT;I;2534;2021K1;17497
1020;TOT;I;2534;2021K2;20341
1020;TOT;I;2534;2021K3;23451
1020;TOT;I;2534;2021K4;23604
1020;TOT;I;2534;2022K1;22211
1020;TOT;I;2534;2022K2;24968
1020;TOT;I;2534;2022K3;25895
1020;TOT;I;2534;2022K4;24815
1020;TOT;I;2534;2023K1;24013
1020;TOT;I;2534;2023K2;25939
1020;TOT;I;2534;2023K3;26414
1020;TOT;I;2534;2023K4;25340
1020;TOT;I;2534;2024K1;24274
1020;TOT;I;2534;2024K2;26270
1020;TOT;I;2534;2024K3;26924
1020;TOT;I;2534;2024K4;26106
1020;TOT;I;2534;2025K1;25368
1020;TOT;I;2534;2025K2;27376
1020;TOT;I;2534;2025K3;28214
1020;TOT;I;2534;2025K4;27297
1020;TOT;I;2534;2026K1;26482
1020;TOT;I;2534;2026K2;28250
1020;TOT;I;3544;2018K1;13521
1020;TOT;I;3544;2018K2;14256
1020;TOT;I;3544;2018K3;14411
1020;TOT;I;3544;2018K4;14111
1020;TOT;I;3544;2019K1;13831
1020;TOT;I;3544;2019K2;14533
1020;TOT;I;3544;2019K3;14800
1020;TOT;I;3544;2019K4;14507
1020;TOT;I;3544;2020K1;14019
1020;TOT;I;3544;2020K2;12816
1020;TOT;I;3544;2020K3;13839
1020;TOT;I;3544;2020K4;13059
1020;TOT;I;3544;2021K1;11562
1020;TOT;I;3544;2021K2;12545
1020;TOT;I;3544;2021K3;13914
1020;TOT;I;3544;2021K4;14295
1020;TOT;I;3544;2022K1;13737
1020;TOT;I;3544;2022K2;14868
1020;TOT;I;3544;2022K3;15397
1020;TOT;I;3544;2022K4;14981
1020;TOT;I;3544;2023K1;14612
1020;TOT;I;3544;2023K2;15553
1020;TOT;I;3544;2023K3;15799
1020;TOT;I;3544;2023K4;15565
1020;TOT;I;3544;2024K1;15229
1020;TOT;I;3544;2024K2;16085
1020;TOT;I;3544;2024K3;16338
1020;TOT;I;3544;2024K4;15977
1020;TOT;I;3544;2025K1;15599
1020;TOT;I;3544;2025K2;16528
1020;TOT;I;3544;2025K3;16911
1020;TOT;I;3544;2025K4;16675
1020;TOT;I;3544;2026K1;16377
1020;TOT;I;3544;2026K2;17284
1020;TOT;I;4554;2018K1;11488
1020;TOT;I;4554;2018K2;12103
1020;TOT;I;4554;2018K3;12233
1020;TOT;I;4554;2018K4;11998
1020;TOT;I;4554;2019K1;11734
1020;TOT;I;4554;2019K2;12479
1020;TOT;I;4554;2019K3;12690
1020;TOT;I;4554;2019K4;12375
1020;TOT;I;4554;2020K1;11920
1020;TOT;I;4554;2020K2;10996
1020;TOT;I;4554;2020K3;11968
1020;TOT;I;4554;2020K4;11462
1020;TOT;I;4554;2021K1;10146
1020;TOT;I;4554;2021K2;11148
1020;TOT;I;4554;2021K3;12254
1020;TOT;I;4554;2021K4;12444
1020;TOT;I;4554;2022K1;12017
1020;TOT;I;4554;2022K2;12937
1020;TOT;I;4554;2022K3;13313
1020;TOT;I;4554;2022K4;12935
1020;TOT;I;4554;2023K1;12655
1020;TOT;I;4554;2023K2;13413
1020;TOT;I;4554;2023K3;13570
1020;TOT;I;4554;2023K4;13232
1020;TOT;I;4554;2024K1;12813
1020;TOT;I;4554;2024K2;13423
1020;TOT;I;4554;2024K3;13572
1020;TOT;I;4554;2024K4;13316
1020;TOT;I;4554;2025K1;12984
1020;TOT;I;4554;2025K2;13565
1020;TOT;I;4554;2025K3;13713
1020;TOT;I;4554;2025K4;13487
1020;TOT;I;4554;2026K1;13190
1020;TOT;I;4554;2026K2;13672
1020;TOT;I;5564;2018K1;6658
1020;TOT;I;5564;2018K2;7284
1020;TOT;I;5564;2018K3;7501
1020;TOT;I;5564;2018K4;7280
1020;TOT;I;5564;2019K1;7175
1020;TOT;I;5564;2019K2;7799
1020;TOT;I;5564;2019K3;8058
1020;TOT;I;5564;2019K4;7850
1020;TOT;I;5564;2020K1;7595
1020;TOT;I;5564;2020K2;7129
1020;TOT;I;5564;2020K3;7875
1020;TOT;I;5564;2020K4;7441
1020;TOT;I;5564;2021K1;6470
1020;TOT;I;5564;2021K2;7332
1020;TOT;I;5564;2021K3;8272
1020;TOT;I;5564;2021K4;8404
1020;TOT;I;5564;2022K1;8227
1020;TOT;I;5564;2022K2;9015
1020;TOT;I;5564;2022K3;9232
1020;TOT;I;5564;2022K4;9011
1020;TOT;I;5564;2023K1;8904
1020;TOT;I;5564;2023K2;9651
1020;TOT;I;5564;2023K3;9817
1020;TOT;I;5564;2023K4;9585
1020;TOT;I;5564;2024K1;9323
1020;TOT;I;5564;2024K2;9870
1020;TOT;I;5564;2024K3;10068
1020;TOT;I;5564;2024K4;9818
1020;TOT;I;5564;2025K1;9601
1020;TOT;I;5564;2025K2;10179
1020;TOT;I;5564;2025K3;10349
1020;TOT;I;5564;2025K4;10140
1020;TOT;I;5564;2026K1;9967
1020;TOT;I;5564;2026K2;10588
1020;TOT;JK;1524;2018K1;11712
1020;TOT;JK;1524;2018K2;11577
1020;TOT;JK;1524;2018K3;11161
1020;TOT;JK;1524;2018K4;11690
1020;TOT;JK;1524;2019K1;11918
1020;TOT;JK;1524;2019K2;11729
1020;TOT;JK;1524;2019K3;11497
1020;TOT;JK;1524;2019K4;11818
1020;TOT;JK;1524;2020K1;11763
1020;TOT;JK;1524;2020K2;11216
1020;TOT;JK;1524;2020K3;10992
1020;TOT;JK;1524;2020K4;11250
1020;TOT;JK;1524;2021K1;11255
1020;TOT;JK;1524;2021K2;11635
1020;TOT;JK;1524;2021K3;11268
1020;TOT;JK;1524;2021K4;11685
1020;TOT;JK;1524;2022K1;11827
1020;TOT;JK;1524;2022K2;11989
1020;TOT;JK;1524;2022K3;11513
1020;TOT;JK;1524;2022K4;11625
1020;TOT;JK;1524;2023K1;11338
1020;TOT;JK;1524;2023K2;11030
1020;TOT;JK;1524;2023K3;10550
1020;TOT;JK;1524;2023K4;10461
1020;TOT;JK;1524;2024K1;10107
1020;TOT;JK;1524;2024K2;9884
1020;TOT;JK;1524;2024K3;9499
1020;TOT;JK;1524;2024K4;9698
1020;TOT;JK;1524;2025K1;9522
1020;TOT;JK;1524;2025K2;9390
1020;TOT;JK;1524;2025K3;8914
1020;TOT;JK;1524;2025K4;9018
1020;TOT;JK;1524;2026K1;8933
1020;TOT;JK;1524;2026K2;8844
1020;TOT;JK;2534;2018K1;27274
1020;TOT;JK;2534;2018K2;27935
1020;TOT;JK;2534;2018K3;28110
1020;TOT;JK;2534;2018K4;28823
1020;TOT;JK;2534;2019K1;29207
1020;TOT;JK;2534;2019K2;29922
1020;TOT;JK;2534;2019K3;30377
1020;TOT;JK;2534;2019K4;31173
1020;TOT;JK;2534;2020K1;31440
1020;TOT;JK;2534;2020K2;31331
1020;TOT;JK;2534;2020K3;31369
1020;TOT;JK;2534;2020K4;32268
1020;TOT;JK;2534;2021K1;33143
1020;TOT;JK;2534;2021K2;34124
1020;TOT;JK;2534;2021K3;34570
1020;TOT;JK;2534;2021K4;35657
1020;TOT;JK;2534;2022K1;36661
1020;TOT;JK;2534;2022K2;37883
1020;TOT;JK;2534;2022K3;38128
1020;TOT;JK;2534;2022K4;38553
1020;TOT;JK;2534;2023K1;38578
1020;TOT;JK;2534;2023K2;38544
1020;TOT;JK;2534;2023K3;38066
1020;TOT;JK;2534;2023K4;37989
1020;TOT;JK;2534;2024K1;37662
1020;TOT;JK;2534;2024K2;37805
1020;TOT;JK;2534;2024K3;37311
1020;TOT;JK;2534;2024K4;37170
1020;TOT;JK;2534;2025K1;36934
1020;TOT;JK;2534;2025K2;37125
1020;TOT;JK;2534;2025K3;36306
1020;TOT;JK;2534;2025K4;36433
1020;TOT;JK;2534;2026K1;36481
1020;TOT;JK;2534;2026K2;36535
1020;TOT;JK;3544;2018K1;25836
1020;TOT;JK;3544;2018K2;25845
1020;TOT;JK;3544;2018K3;25719
1020;TOT;JK;3544;2018K4;25662
1020;TOT;JK;3544;2019K1;25694
1020;TOT;JK;3544;2019K2;25744
1020;TOT;JK;3544;2019K3;25702
1020;TOT;JK;3544;2019K4;25823
1020;TOT;JK;3544;2020K1;25614
1020;TOT;JK;3544;2020K2;25313
1020;TOT;JK;3544;2020K3;25203
1020;TOT;JK;3544;2020K4;25443
1020;TOT;JK;3544;2021K1;25633
1020;TOT;JK;3544;2021K2;25992
1020;TOT;JK;3544;2021K3;26257
1020;TOT;JK;3544;2021K4;26553
1020;TOT;JK;3544;2022K1;26782
1020;TOT;JK;3544;2022K2;27338
1020;TOT;JK;3544;2022K3;27536
1020;TOT;JK;3544;2022K4;27716
1020;TOT;JK;3544;2023K1;27707
1020;TOT;JK;3544;2023K2;27757
1020;TOT;JK;3544;2023K3;27715
1020;TOT;JK;3544;2023K4;27753
1020;TOT;JK;3544;2024K1;27675
1020;TOT;JK;3544;2024K2;27796
1020;TOT;JK;3544;2024K3;27788
1020;TOT;JK;3544;2024K4;27745
1020;TOT;JK;3544;2025K1;27819
1020;TOT;JK;3544;2025K2;27959
1020;TOT;JK;3544;2025K3;27746
1020;TOT;JK;3544;2025K4;28017
1020;TOT;JK;3544;2026K1;28282
1020;TOT;JK;3544;2026K2;28589
1020;TOT;JK;4554;2018K1;23429
1020;TOT;JK;4554;2018K2;23568
1020;TOT;JK;4554;2018K3;23534
1020;TOT;JK;4554;2018K4;23659
1020;TOT;JK;4554;2019K1;23790
1020;TOT;JK;4554;2019K2;23932
1020;TOT;JK;4554;2019K3;24153
1020;TOT;JK;4554;2019K4;24345
1020;TOT;JK;4554;2020K1;24213
1020;TOT;JK;4554;2020K2;24094
1020;TOT;JK;4554;2020K3;24114
1020;TOT;JK;4554;2020K4;24287
1020;TOT;JK;4554;2021K1;24400
1020;TOT;JK;4554;2021K2;24557
1020;TOT;JK;4554;2021K3;24649
1020;TOT;JK;4554;2021K4;24892
1020;TOT;JK;4554;2022K1;25001
1020;TOT;JK;4554;2022K2;25074
1020;TOT;JK;4554;2022K3;24991
1020;TOT;JK;4554;2022K4;25067
1020;TOT;JK;4554;2023K1;24894
1020;TOT;JK;4554;2023K2;24864
1020;TOT;JK;4554;2023K3;24847
1020;TOT;JK;4554;2023K4;24808
1020;TOT;JK;4554;2024K1;24689
1020;TOT;JK;4554;2024K2;24666
1020;TOT;JK;4554;2024K3;24614
1020;TOT;JK;4554;2024K4;24516
1020;TOT;JK;4554;2025K1;24460
1020;TOT;JK;4554;2025K2;24370
1020;TOT;JK;4554;2025K3;24106
1020;TOT;JK;4554;2025K4;24079
1020;TOT;JK;4554;2026K1;24036
1020;TOT;JK;4554;2026K2;23962
1020;TOT;JK;5564;2018K1;11851
1020;TOT;JK;5564;2018K2;12054
1020;TOT;JK;5564;2018K3;12224
1020;TOT;JK;5564;2018K4;12403
1020;TOT;JK;5564;2019K1;12622
1020;TOT;JK;5564;2019K2;12870
1020;TOT;JK;5564;2019K3;13117
1020;TOT;JK;5564;2019K4;13367
1020;TOT;JK;5564;2020K1;13539
1020;TOT;JK;5564;2020K2;13653
1020;TOT;JK;5564;2020K3;13809
1020;TOT;JK;5564;2020K4;14066
1020;TOT;JK;5564;2021K1;14328
1020;TOT;JK;5564;2021K2;14662
1020;TOT;JK;5564;2021K3;15016
1020;TOT;JK;5564;2021K4;15451
1020;TOT;JK;5564;2022K1;15626
1020;TOT;JK;5564;2022K2;15966
1020;TOT;JK;5564;2022K3;16086
1020;TOT;JK;5564;2022K4;16260
1020;TOT;JK;5564;2023K1;16325
1020;TOT;JK;5564;2023K2;16503
1020;TOT;JK;5564;2023K3;16761
1020;TOT;JK;5564;2023K4;16850
1020;TOT;JK;5564;2024K1;16859
1020;TOT;JK;5564;2024K2;16908
1020;TOT;JK;5564;2024K3;16942
1020;TOT;JK;5564;2024K4;17065
1020;TOT;JK;5564;2025K1;17107
1020;TOT;JK;5564;2025K2;17193
1020;TOT;JK;5564;2025K3;17264
1020;TOT;JK;5564;2025K4;17348
1020;TOT;JK;5564;2026K1;17391
1020;TOT;JK;5564;2026K2;17562
1020;TOT;J;1524;2018K1;5474
1020;TOT;J;1524;2018K2;5463
1020;TOT;J;1524;2018K3;5311
1020;TOT;J;1524;2018K4;5463
1020;TOT;J;1524;2019K1;5506
1020;TOT;J;1524;2019K2;5473
1020;TOT;J;1524;2019K3;5315
1020;TOT;J;1524;2019K4;5469
1020;TOT;J;1524;2020K1;5464
1020;TOT;J;1524;2020K2;5113
1020;TOT;J;1524;2020K3;5006
1020;TOT;J;1524;2020K4;5143
1020;TOT;J;1524;2021K1;4866
1020;TOT;J;1524;2021K2;5120
1020;TOT;J;1524;2021K3;5231
1020;TOT;J;1524;2021K4;5501
1020;TOT;J;1524;2022K1;5511
1020;TOT;J;1524;2022K2;5518
1020;TOT;J;1524;2022K3;5159
1020;TOT;J;1524;2022K4;5173
1020;TOT;J;1524;2023K1;4971
1020;TOT;J;1524;2023K2;4826
1020;TOT;J;1524;2023K3;4579
1020;TOT;J;1524;2023K4;4473
1020;TOT;J;1524;2024K1;4393
1020;TOT;J;1524;2024K2;4371
1020;TOT;J;1524;2024K3;4256
1020;TOT;J;1524;2024K4;4298
1020;TOT;J;1524;2025K1;4246
1020;TOT;J;1524;2025K2;4178
1020;TOT;J;1524;2025K3;3982
1020;TOT;J;1524;2025K4;4086
1020;TOT;J;1524;2026K1;4088
1020;TOT;J;1524;2026K2;4076
1020;TOT;J;2534;2018K1;8769
1020;TOT;J;2534;2018K2;8945
1020;TOT;J;2534;2018K3;8915
1020;TOT;J;2534;2018K4;9073
1020;TOT;J;2534;2019K1;8969
1020;TOT;J;2534;2019K2;9187
1020;TOT;J;2534;2019K3;9357
1020;TOT;J;2534;2019K4;9461
1020;TOT;J;2534;2020K1;9434
1020;TOT;J;2534;2020K2;9257
1020;TOT;J;2534;2020K3;9462
1020;TOT;J;2534;2020K4;9794
1020;TOT;J;2534;2021K1;9865
1020;TOT;J;2534;2021K2;10259
1020;TOT;J;2534;2021K3;10479
1020;TOT;J;2534;2021K4;10712
1020;TOT;J;2534;2022K1;10843
1020;TOT;J;2534;2022K2;11276
1020;TOT;J;2534;2022K3;11185
1020;TOT;J;2534;2022K4;11133
1020;TOT;J;2534;2023K1;11140
1020;TOT;J;2534;2023K2;11127
1020;TOT;J;2534;2023K3;10835
1020;TOT;J;2534;2023K4;10637
1020;TOT;J;2534;2024K1;10478
1020;TOT;J;2534;2024K2;10622
1020;TOT;J;2534;2024K3;10456
1020;TOT;J;2534;2024K4;10423
1020;TOT;J;2534;2025K1;10233
1020;TOT;J;2534;2025K2;10395
1020;TOT;J;2534;2025K3;10146
1020;TOT;J;2534;2025K4;10118
1020;TOT;J;2534;2026K1;10080
1020;TOT;J;2534;2026K2;10175
1020;TOT;J;3544;2018K1;7837
1020;TOT;J;3544;2018K2;7787
1020;TOT;J;3544;2018K3;7707
1020;TOT;J;3544;2018K4;7737
1020;TOT;J;3544;2019K1;7658
1020;TOT;J;3544;2019K2;7679
1020;TOT;J;3544;2019K3;7600
1020;TOT;J;3544;2019K4;7609
1020;TOT;J;3544;2020K1;7478
1020;TOT;J;3544;2020K2;7285
1020;TOT;J;3544;2020K3;7360
1020;TOT;J;3544;2020K4;7465
1020;TOT;J;3544;2021K1;7508
1020;TOT;J;3544;2021K2;7626
1020;TOT;J;3544;2021K3;7693
1020;TOT;J;3544;2021K4;7747
1020;TOT;J;3544;2022K1;7674
1020;TOT;J;3544;2022K2;7858
1020;TOT;J;3544;2022K3;7872
1020;TOT;J;3544;2022K4;7834
1020;TOT;J;3544;2023K1;7755
1020;TOT;J;3544;2023K2;7695
1020;TOT;J;3544;2023K3;7600
1020;TOT;J;3544;2023K4;7582
1020;TOT;J;3544;2024K1;7575
1020;TOT;J;3544;2024K2;7673
1020;TOT;J;3544;2024K3;7633
1020;TOT;J;3544;2024K4;7701
1020;TOT;J;3544;2025K1;7580
1020;TOT;J;3544;2025K2;7658
1020;TOT;J;3544;2025K3;7596
1020;TOT;J;3544;2025K4;7677
1020;TOT;J;3544;2026K1;7676
1020;TOT;J;3544;2026K2;7803
1020;TOT;J;4554;2018K1;6596
1020;TOT;J;4554;2018K2;6634
1020;TOT;J;4554;2018K3;6602
1020;TOT;J;4554;2018K4;6635
1020;TOT;J;4554;2019K1;6667
1020;TOT;J;4554;2019K2;6742
1020;TOT;J;4554;2019K3;6779
1020;TOT;J;4554;2019K4;6820
1020;TOT;J;4554;2020K1;6789
1020;TOT;J;4554;2020K2;6698
1020;TOT;J;4554;2020K3;6748
1020;TOT;J;4554;2020K4;6847
1020;TOT;J;4554;2021K1;6868
1020;TOT;J;4554;2021K2;6899
1020;TOT;J;4554;2021K3;6906
1020;TOT;J;4554;2021K4;6926
1020;TOT;J;4554;2022K1;6952
1020;TOT;J;4554;2022K2;6981
1020;TOT;J;4554;2022K3;6889
1020;TOT;J;4554;2022K4;6929
1020;TOT;J;4554;2023K1;6896
1020;TOT;J;4554;2023K2;6850
1020;TOT;J;4554;2023K3;6780
1020;TOT;J;4554;2023K4;6767
1020;TOT;J;4554;2024K1;6699
1020;TOT;J;4554;2024K2;6738
1020;TOT;J;4554;2024K3;6697
1020;TOT;J;4554;2024K4;6675
1020;TOT;J;4554;2025K1;6547
1020;TOT;J;4554;2025K2;6534
1020;TOT;J;4554;2025K3;6481
1020;TOT;J;4554;2025K4;6506
1020;TOT;J;4554;2026K1;6440
1020;TOT;J;4554;2026K2;6436
1020;TOT;J;5564;2018K1;3582
1020;TOT;J;5564;2018K2;3631
1020;TOT;J;5564;2018K3;3663
1020;TOT;J;5564;2018K4;3700
1020;TOT;J;5564;2019K1;3742
1020;TOT;J;5564;2019K2;3798
1020;TOT;J;5564;2019K3;3797
1020;TOT;J;5564;2019K4;3804
1020;TOT;J;5564;2020K1;3847
1020;TOT;J;5564;2020K2;3849
1020;TOT;J;5564;2020K3;3909
1020;TOT;J;5564;2020K4;3983
1020;TOT;J;5564;2021K1;4041
1020;TOT;J;5564;2021K2;4136
1020;TOT;J;5564;2021K3;4202
1020;TOT;J;5564;2021K4;4283
1020;TOT;J;5564;2022K1;4292
1020;TOT;J;5564;2022K2;4374
1020;TOT;J;5564;2022K3;4365
1020;TOT;J;5564;2022K4;4392
1020;TOT;J;5564;2023K1;4407
1020;TOT;J;5564;2023K2;4428
1020;TOT;J;5564;2023K3;4398
1020;TOT;J;5564;2023K4;4396
1020;TOT;J;5564;2024K1;4385
1020;TOT;J;5564;2024K2;4423
1020;TOT;J;5564;2024K3;4393
1020;TOT;J;5564;2024K4;4434
1020;TOT;J;5564;2025K1;4351
1020;TOT;J;5564;2025K2;4371
1020;TOT;J;5564;2025K3;4385
1020;TOT;J;5564;2025K4;4404
1020;TOT;J;5564;2026K1;4364
1020;TOT;J;5564;2026K2;4427
1020;TOT;K;1524;2018K1;6238
1020;TOT;K;1524;2018K2;6113
1020;TOT;K;1524;2018K3;5850
1020;TOT;K;1524;2018K4;6227
1020;TOT;K;1524;2019K1;6413
1020;TOT;K;1524;2019K2;6256
1020;TOT;K;1524;2019K3;6182
1020;TOT;K;1524;2019K4;6349
1020;TOT;K;1524;2020K1;6299
1020;TOT;K;1524;2020K2;6102
1020;TOT;K;1524;2020K3;5986
1020;TOT;K;1524;2020K4;6107
1020;TOT;K;1524;2021K1;6389
1020;TOT;K;1524;2021K2;6515
1020;TOT;K;1524;2021K3;6038
1020;TOT;K;1524;2021K4;6183
1020;TOT;K;1524;2022K1;6316
1020;TOT;K;1524;2022K2;6471
1020;TOT;K;1524;2022K3;6354
1020;TOT;K;1524;2022K4;6452
1020;TOT;K;1524;2023K1;6366
1020;TOT;K;1524;2023K2;6203
1020;TOT;K;1524;2023K3;5971
1020;TOT;K;1524;2023K4;5987
1020;TOT;K;1524;2024K1;5714
1020;TOT;K;1524;2024K2;5513
1020;TOT;K;1524;2024K3;5243
1020;TOT;K;1524;2024K4;5400
1020;TOT;K;1524;2025K1;5277
1020;TOT;K;1524;2025K2;5211
1020;TOT;K;1524;2025K3;4932
1020;TOT;K;1524;2025K4;4932
1020;TOT;K;1524;2026K1;4845
1020;TOT;K;1524;2026K2;4768
1020;TOT;K;2534;2018K1;18505
1020;TOT;K;2534;2018K2;18990
1020;TOT;K;2534;2018K3;19195
1020;TOT;K;2534;2018K4;19750
1020;TOT;K;2534;2019K1;20237
1020;TOT;K;2534;2019K2;20734
1020;TOT;K;2534;2019K3;21020
1020;TOT;K;2534;2019K4;21712
1020;TOT;K;2534;2020K1;22006
1020;TOT;K;2534;2020K2;22075
1020;TOT;K;2534;2020K3;21907
1020;TOT;K;2534;2020K4;22474
1020;TOT;K;2534;2021K1;23278
1020;TOT;K;2534;2021K2;23865
1020;TOT;K;2534;2021K3;24090
1020;TOT;K;2534;2021K4;24945
1020;TOT;K;2534;2022K1;25818
1020;TOT;K;2534;2022K2;26607
1020;TOT;K;2534;2022K3;26943
1020;TOT;K;2534;2022K4;27420
1020;TOT;K;2534;2023K1;27438
1020;TOT;K;2534;2023K2;27417
1020;TOT;K;2534;2023K3;27231
1020;TOT;K;2534;2023K4;27352
1020;TOT;K;2534;2024K1;27184
1020;TOT;K;2534;2024K2;27183
1020;TOT;K;2534;2024K3;26855
1020;TOT;K;2534;2024K4;26747
1020;TOT;K;2534;2025K1;26701
1020;TOT;K;2534;2025K2;26729
1020;TOT;K;2534;2025K3;26160
1020;TOT;K;2534;2025K4;26316
1020;TOT;K;2534;2026K1;26401
1020;TOT;K;2534;2026K2;26360
1020;TOT;K;3544;2018K1;17999
1020;TOT;K;3544;2018K2;18058
1020;TOT;K;3544;2018K3;18012
1020;TOT;K;3544;2018K4;17926
1020;TOT;K;3544;2019K1;18036
1020;TOT;K;3544;2019K2;18065
1020;TOT;K;3544;2019K3;18102
1020;TOT;K;3544;2019K4;18214
1020;TOT;K;3544;2020K1;18136
1020;TOT;K;3544;2020K2;18028
1020;TOT;K;3544;2020K3;17844
1020;TOT;K;3544;2020K4;17979
1020;TOT;K;3544;2021K1;18124
1020;TOT;K;3544;2021K2;18366
1020;TOT;K;3544;2021K3;18564
1020;TOT;K;3544;2021K4;18807
1020;TOT;K;3544;2022K1;19108
1020;TOT;K;3544;2022K2;19480
1020;TOT;K;3544;2022K3;19664
1020;TOT;K;3544;2022K4;19883
1020;TOT;K;3544;2023K1;19952
1020;TOT;K;3544;2023K2;20062
1020;TOT;K;3544;2023K3;20115
1020;TOT;K;3544;2023K4;20170
1020;TOT;K;3544;2024K1;20099
1020;TOT;K;3544;2024K2;20123
1020;TOT;K;3544;2024K3;20155
1020;TOT;K;3544;2024K4;20044
1020;TOT;K;3544;2025K1;20239
1020;TOT;K;3544;2025K2;20302
1020;TOT;K;3544;2025K3;20150
1020;TOT;K;3544;2025K4;20340
1020;TOT;K;3544;2026K1;20607
1020;TOT;K;3544;2026K2;20786
1020;TOT;K;4554;2018K1;16833
1020;TOT;K;4554;2018K2;16933
1020;TOT;K;4554;2018K3;16931
1020;TOT;K;4554;2018K4;17024
1020;TOT;K;4554;2019K1;17123
1020;TOT;K;4554;2019K2;17190
1020;TOT;K;4554;2019K3;17374
1020;TOT;K;4554;2019K4;17525
1020;TOT;K;4554;2020K1;17423
1020;TOT;K;4554;2020K2;17396
1020;TOT;K;4554;2020K3;17366
1020;TOT;K;4554;2020K4;17439
1020;TOT;K;4554;2021K1;17533
1020;TOT;K;4554;2021K2;17658
1020;TOT;K;4554;2021K3;17743
1020;TOT;K;4554;2021K4;17965
1020;TOT;K;4554;2022K1;18050
1020;TOT;K;4554;2022K2;18093
1020;TOT;K;4554;2022K3;18102
1020;TOT;K;4554;2022K4;18138
1020;TOT;K;4554;2023K1;17998
1020;TOT;K;4554;2023K2;18014
1020;TOT;K;4554;2023K3;18067
1020;TOT;K;4554;2023K4;18041
1020;TOT;K;4554;2024K1;17990
1020;TOT;K;4554;2024K2;17928
1020;TOT;K;4554;2024K3;17917
1020;TOT;K;4554;2024K4;17840
1020;TOT;K;4554;2025K1;17912
1020;TOT;K;4554;2025K2;17837
1020;TOT;K;4554;2025K3;17625
1020;TOT;K;4554;2025K4;17572
1020;TOT;K;4554;2026K1;17596
1020;TOT;K;4554;2026K2;17527
1020;TOT;K;5564;2018K1;8270
1020;TOT;K;5564;2018K2;8423
1020;TOT;K;5564;2018K3;8561
1020;TOT;K;5564;2018K4;8704
1020;TOT;K;5564;2019K1;8880
1020;TOT;K;5564;2019K2;9072
1020;TOT;K;5564;2019K3;9320
1020;TOT;K;5564;2019K4;9563
1020;TOT;K;5564;2020K1;9692
1020;TOT;K;5564;2020K2;9804
1020;TOT;K;5564;2020K3;9899
1020;TOT;K;5564;2020K4;10083
1020;TOT;K;5564;2021K1;10286
1020;TOT;K;5564;2021K2;10526
1020;TOT;K;5564;2021K3;10813
1020;TOT;K;5564;2021K4;11168
1020;TOT;K;5564;2022K1;11334
1020;TOT;K;5564;2022K2;11592
1020;TOT;K;5564;2022K3;11721
1020;TOT;K;5564;2022K4;11869
1020;TOT;K;5564;2023K1;11918
1020;TOT;K;5564;2023K2;12075
1020;TOT;K;5564;2023K3;12363
1020;TOT;K;5564;2023K4;12454
1020;TOT;K;5564;2024K1;12473
1020;TOT;K;5564;2024K2;12485
1020;TOT;K;5564;2024K3;12550
1020;TOT;K;5564;2024K4;12631
1020;TOT;K;5564;2025K1;12757
1020;TOT;K;5564;2025K2;12822
1020;TOT;K;5564;2025K3;12880
1020;TOT;K;5564;2025K4;12944
1020;TOT;K;5564;2026K1;13027
1020;TOT;K;5564;2026K2;13135
1020;TOT;L;1524;2018K1;5267
1020;TOT;L;1524;2018K2;5508
1020;TOT;L;1524;2018K3;5597
1020;TOT;L;1524;2018K4;5608
1020;TOT;L;1524;2019K1;5675
1020;TOT;L;1524;2019K2;5751
1020;TOT;L;1524;2019K3;5786
1020;TOT;L;1524;2019K4;5733
1020;TOT;L;1524;2020K1;5749
1020;TOT;L;1524;2020K2;5519
1020;TOT;L;1524;2020K3;5517
1020;TOT;L;1524;2020K4;5489
1020;TOT;L;1524;2021K1;5363
1020;TOT;L;1524;2021K2;5410
1020;TOT;L;1524;2021K3;5583
1020;TOT;L;1524;2021K4;5615
1020;TOT;L;1524;2022K1;5752
1020;TOT;L;1524;2022K2;5902
1020;TOT;L;1524;2022K3;5925
1020;TOT;L;1524;2022K4;5898
1020;TOT;L;1524;2023K1;6056
1020;TOT;L;1524;2023K2;6209
1020;TOT;L;1524;2023K3;6214
1020;TOT;L;1524;2023K4;5940
1020;TOT;L;1524;2024K1;5944
1020;TOT;L;1524;2024K2;6038
1020;TOT;L;1524;2024K3;5906
1020;TOT;L;1524;2024K4;5735
1020;TOT;L;1524;2025K1;5835
1020;TOT;L;1524;2025K2;5973
1020;TOT;L;1524;2025K3;5940
1020;TOT;L;1524;2025K4;5698
1020;TOT;L;1524;2026K1;5792
1020;TOT;L;1524;2026K2;5999
1020;TOT;L;2534;2018K1;15109
1020;TOT;L;2534;2018K2;15436
1020;TOT;L;2534;2018K3;15445
1020;TOT;L;2534;2018K4;15529
1020;TOT;L;2534;2019K1;15692
1020;TOT;L;2534;2019K2;15992
1020;TOT;L;2534;2019K3;16164
1020;TOT;L;2534;2019K4;16525
1020;TOT;L;2534;2020K1;16742
1020;TOT;L;2534;2020K2;16898
1020;TOT;L;2534;2020K3;16836
1020;TOT;L;2534;2020K4;16885
1020;TOT;L;2534;2021K1;16977
1020;TOT;L;2534;2021K2;17166
1020;TOT;L;2534;2021K3;17229
1020;TOT;L;2534;2021K4;17471
1020;TOT;L;2534;2022K1;17900
1020;TOT;L;2534;2022K2;18273
1020;TOT;L;2534;2022K3;18185
1020;TOT;L;2534;2022K4;18434
1020;TOT;L;2534;2023K1;18753
1020;TOT;L;2534;2023K2;19149
1020;TOT;L;2534;2023K3;19238
1020;TOT;L;2534;2023K4;19310
1020;TOT;L;2534;2024K1;19393
1020;TOT;L;2534;2024K2;19690
1020;TOT;L;2534;2024K3;19625
1020;TOT;L;2534;2024K4;19717
1020;TOT;L;2534;2025K1;20095
1020;TOT;L;2534;2025K2;20493
1020;TOT;L;2534;2025K3;20756
1020;TOT;L;2534;2025K4;20885
1020;TOT;L;2534;2026K1;20981
1020;TOT;L;2534;2026K2;21550
1020;TOT;L;3544;2018K1;19033
1020;TOT;L;3544;2018K2;19213
1020;TOT;L;3544;2018K3;19162
1020;TOT;L;3544;2018K4;19190
1020;TOT;L;3544;2019K1;19149
1020;TOT;L;3544;2019K2;19241
1020;TOT;L;3544;2019K3;19147
1020;TOT;L;3544;2019K4;19115
1020;TOT;L;3544;2020K1;19075
1020;TOT;L;3544;2020K2;19053
1020;TOT;L;3544;2020K3;18900
1020;TOT;L;3544;2020K4;18922
1020;TOT;L;3544;2021K1;18867
1020;TOT;L;3544;2021K2;18915
1020;TOT;L;3544;2021K3;18925
1020;TOT;L;3544;2021K4;18959
1020;TOT;L;3544;2022K1;18971
1020;TOT;L;3544;2022K2;19076
1020;TOT;L;3544;2022K3;19066
1020;TOT;L;3544;2022K4;19157
1020;TOT;L;3544;2023K1;19267
1020;TOT;L;3544;2023K2;19445
1020;TOT;L;3544;2023K3;19469
1020;TOT;L;3544;2023K4;19479
1020;TOT;L;3544;2024K1;19463
1020;TOT;L;3544;2024K2;19456
1020;TOT;L;3544;2024K3;19307
1020;TOT;L;3544;2024K4;19376
1020;TOT;L;3544;2025K1;19453
1020;TOT;L;3544;2025K2;19565
1020;TOT;L;3544;2025K3;19647
1020;TOT;L;3544;2025K4;19691
1020;TOT;L;3544;2026K1;19713
1020;TOT;L;3544;2026K2;19942
1020;TOT;L;4554;2018K1;21683
1020;TOT;L;4554;2018K2;21735
1020;TOT;L;4554;2018K3;21606
1020;TOT;L;4554;2018K4;21452
1020;TOT;L;4554;2019K1;21248
1020;TOT;L;4554;2019K2;21336
1020;TOT;L;4554;2019K3;21160
1020;TOT;L;4554;2019K4;21161
1020;TOT;L;4554;2020K1;21025
1020;TOT;L;4554;2020K2;21005
1020;TOT;L;4554;2020K3;20760
1020;TOT;L;4554;2020K4;20633
1020;TOT;L;4554;2021K1;20467
1020;TOT;L;4554;2021K2;20337
1020;TOT;L;4554;2021K3;20116
1020;TOT;L;4554;2021K4;19957
1020;TOT;L;4554;2022K1;19765
1020;TOT;L;4554;2022K2;19715
1020;TOT;L;4554;2022K3;19483
1020;TOT;L;4554;2022K4;19539
1020;TOT;L;4554;2023K1;19530
1020;TOT;L;4554;2023K2;19614
1020;TOT;L;4554;2023K3;19651
1020;TOT;L;4554;2023K4;19742
1020;TOT;L;4554;2024K1;19741
1020;TOT;L;4554;2024K2;19856
1020;TOT;L;4554;2024K3;19814
1020;TOT;L;4554;2024K4;19929
1020;TOT;L;4554;2025K1;20003
1020;TOT;L;4554;2025K2;20123
1020;TOT;L;4554;2025K3;20116
1020;TOT;L;4554;2025K4;20111
1020;TOT;L;4554;2026K1;20048
1020;TOT;L;4554;2026K2;20089
1020;TOT;L;5564;2018K1;15229
1020;TOT;L;5564;2018K2;15600
1020;TOT;L;5564;2018K3;15687
1020;TOT;L;5564;2018K4;15787
1020;TOT;L;5564;2019K1;15809
1020;TOT;L;5564;2019K2;16235
1020;TOT;L;5564;2019K3;16248
1020;TOT;L;5564;2019K4;16439
1020;TOT;L;5564;2020K1;16660
1020;TOT;L;5564;2020K2;17056
1020;TOT;L;5564;2020K3;17132
1020;TOT;L;5564;2020K4;17391
1020;TOT;L;5564;2021K1;17591
1020;TOT;L;5564;2021K2;17847
1020;TOT;L;5564;2021K3;17867
1020;TOT;L;5564;2021K4;18113
1020;TOT;L;5564;2022K1;18370
1020;TOT;L;5564;2022K2;18846
1020;TOT;L;5564;2022K3;18867
1020;TOT;L;5564;2022K4;19075
1020;TOT;L;5564;2023K1;19276
1020;TOT;L;5564;2023K2;19580
1020;TOT;L;5564;2023K3;19675
1020;TOT;L;5564;2023K4;19838
1020;TOT;L;5564;2024K1;19799
1020;TOT;L;5564;2024K2;19899
1020;TOT;L;5564;2024K3;19711
1020;TOT;L;5564;2024K4;19742
1020;TOT;L;5564;2025K1;19807
1020;TOT;L;5564;2025K2;19856
1020;TOT;L;5564;2025K3;19689
1020;TOT;L;5564;2025K4;19586
1020;TOT;L;5564;2026K1;19568
1020;TOT;L;5564;2026K2;19727
1020;TOT;M;1524;2018K1;4219
1020;TOT;M;1524;2018K2;4615
1020;TOT;M;1524;2018K3;4779
1020;TOT;M;1524;2018K4;4457
1020;TOT;M;1524;2019K1;4359
1020;TOT;M;1524;2019K2;4800
1020;TOT;M;1524;2019K3;4909
1020;TOT;M;1524;2019K4;4560
1020;TOT;M;1524;2020K1;4452
1020;TOT;M;1524;2020K2;4077
1020;TOT;M;1524;2020K3;5030
1020;TOT;M;1524;2020K4;4393
1020;TOT;M;1524;2021K1;3937
1020;TOT;M;1524;2021K2;4490
1020;TOT;M;1524;2021K3;5130
1020;TOT;M;1524;2021K4;4902
1020;TOT;M;1524;2022K1;4849
1020;TOT;M;1524;2022K2;5525
1020;TOT;M;1524;2022K3;5532
1020;TOT;M;1524;2022K4;5001
1020;TOT;M;1524;2023K1;4797
1020;TOT;M;1524;2023K2;5207
1020;TOT;M;1524;2023K3;5246
1020;TOT;M;1524;2023K4;4797
1020;TOT;M;1524;2024K1;4661
1020;TOT;M;1524;2024K2;5133
1020;TOT;M;1524;2024K3;5173
1020;TOT;M;1524;2024K4;4829
1020;TOT;M;1524;2025K1;4760
1020;TOT;M;1524;2025K2;5253
1020;TOT;M;1524;2025K3;5450
1020;TOT;M;1524;2025K4;5068
1020;TOT;M;1524;2026K1;4880
1020;TOT;M;1524;2026K2;5353
1020;TOT;M;2534;2018K1;5630
1020;TOT;M;2534;2018K2;5885
1020;TOT;M;2534;2018K3;5990
1020;TOT;M;2534;2018K4;5964
1020;TOT;M;2534;2019K1;5941
1020;TOT;M;2534;2019K2;6169
1020;TOT;M;2534;2019K3;6305
1020;TOT;M;2534;2019K4;6271
1020;TOT;M;2534;2020K1;6341
1020;TOT;M;2534;2020K2;6415
1020;TOT;M;2534;2020K3;6616
1020;TOT;M;2534;2020K4;6560
1020;TOT;M;2534;2021K1;6612
1020;TOT;M;2534;2021K2;6902
1020;TOT;M;2534;2021K3;7189
1020;TOT;M;2534;2021K4;7274
1020;TOT;M;2534;2022K1;7300
1020;TOT;M;2534;2022K2;7574
1020;TOT;M;2534;2022K3;7668
1020;TOT;M;2534;2022K4;7579
1020;TOT;M;2534;2023K1;7337
1020;TOT;M;2534;2023K2;7506
1020;TOT;M;2534;2023K3;7644
1020;TOT;M;2534;2023K4;7570
1020;TOT;M;2534;2024K1;7586
1020;TOT;M;2534;2024K2;7808
1020;TOT;M;2534;2024K3;7779
1020;TOT;M;2534;2024K4;7756
1020;TOT;M;2534;2025K1;7775
1020;TOT;M;2534;2025K2;7985
1020;TOT;M;2534;2025K3;8078
1020;TOT;M;2534;2025K4;8071
1020;TOT;M;2534;2026K1;8002
1020;TOT;M;2534;2026K2;8271
1020;TOT;M;3544;2018K1;6897
1020;TOT;M;3544;2018K2;6927
1020;TOT;M;3544;2018K3;6953
1020;TOT;M;3544;2018K4;6953
1020;TOT;M;3544;2019K1;6964
1020;TOT;M;3544;2019K2;6990
1020;TOT;M;3544;2019K3;7073
1020;TOT;M;3544;2019K4;7024
1020;TOT;M;3544;2020K1;6989
1020;TOT;M;3544;2020K2;7043
1020;TOT;M;3544;2020K3;7066
1020;TOT;M;3544;2020K4;6990
1020;TOT;M;3544;2021K1;6938
1020;TOT;M;3544;2021K2;7070
1020;TOT;M;3544;2021K3;7209
1020;TOT;M;3544;2021K4;7288
1020;TOT;M;3544;2022K1;7241
1020;TOT;M;3544;2022K2;7407
1020;TOT;M;3544;2022K3;7478
1020;TOT;M;3544;2022K4;7405
1020;TOT;M;3544;2023K1;7271
1020;TOT;M;3544;2023K2;7438
1020;TOT;M;3544;2023K3;7537
1020;TOT;M;3544;2023K4;7493
1020;TOT;M;3544;2024K1;7512
1020;TOT;M;3544;2024K2;7590
1020;TOT;M;3544;2024K3;7577
1020;TOT;M;3544;2024K4;7577
1020;TOT;M;3544;2025K1;7574
1020;TOT;M;3544;2025K2;7727
1020;TOT;M;3544;2025K3;7829
1020;TOT;M;3544;2025K4;7813
1020;TOT;M;3544;2026K1;7805
1020;TOT;M;3544;2026K2;7987
1020;TOT;M;4554;2018K1;9829
1020;TOT;M;4554;2018K2;9980
1020;TOT;M;4554;2018K3;10035
1020;TOT;M;4554;2018K4;9984
1020;TOT;M;4554;2019K1;9968
1020;TOT;M;4554;2019K2;10088
1020;TOT;M;4554;2019K3;10132
1020;TOT;M;4554;2019K4;10079
1020;TOT;M;4554;2020K1;9969
1020;TOT;M;4554;2020K2;9971
1020;TOT;M;4554;2020K3;10084
1020;TOT;M;4554;2020K4;9992
1020;TOT;M;4554;2021K1;9930
1020;TOT;M;4554;2021K2;10066
1020;TOT;M;4554;2021K3;10099
1020;TOT;M;4554;2021K4;10022
1020;TOT;M;4554;2022K1;9915
1020;TOT;M;4554;2022K2;9974
1020;TOT;M;4554;2022K3;10006
1020;TOT;M;4554;2022K4;9950
1020;TOT;M;4554;2023K1;9744
1020;TOT;M;4554;2023K2;9813
1020;TOT;M;4554;2023K3;9808
1020;TOT;M;4554;2023K4;9708
1020;TOT;M;4554;2024K1;9563
1020;TOT;M;4554;2024K2;9657
1020;TOT;M;4554;2024K3;9647
1020;TOT;M;4554;2024K4;9556
1020;TOT;M;4554;2025K1;9423
1020;TOT;M;4554;2025K2;9456
1020;TOT;M;4554;2025K3;9524
1020;TOT;M;4554;2025K4;9498
1020;TOT;M;4554;2026K1;9341
1020;TOT;M;4554;2026K2;9408
1020;TOT;M;5564;2018K1;8438
1020;TOT;M;5564;2018K2;8690
1020;TOT;M;5564;2018K3;8803
1020;TOT;M;5564;2018K4;8797
1020;TOT;M;5564;2019K1;8844
1020;TOT;M;5564;2019K2;9131
1020;TOT;M;5564;2019K3;9310
1020;TOT;M;5564;2019K4;9266
1020;TOT;M;5564;2020K1;9204
1020;TOT;M;5564;2020K2;9445
1020;TOT;M;5564;2020K3;9612
1020;TOT;M;5564;2020K4;9659
1020;TOT;M;5564;2021K1;9714
1020;TOT;M;5564;2021K2;9955
1020;TOT;M;5564;2021K3;10186
1020;TOT;M;5564;2021K4;10301
1020;TOT;M;5564;2022K1;10300
1020;TOT;M;5564;2022K2;10547
1020;TOT;M;5564;2022K3;10678
1020;TOT;M;5564;2022K4;10723
1020;TOT;M;5564;2023K1;10684
1020;TOT;M;5564;2023K2;10828
1020;TOT;M;5564;2023K3;10893
1020;TOT;M;5564;2023K4;10878
1020;TOT;M;5564;2024K1;10799
1020;TOT;M;5564;2024K2;10992
1020;TOT;M;5564;2024K3;11039
1020;TOT;M;5564;2024K4;11058
1020;TOT;M;5564;2025K1;11006
1020;TOT;M;5564;2025K2;11137
1020;TOT;M;5564;2025K3;11232
1020;TOT;M;5564;2025K4;11201
1020;TOT;M;5564;2026K1;11110
1020;TOT;M;5564;2026K2;11278
1020;TOT;NO;1524;2018K1;32894
1020;TOT;NO;1524;2018K2;34041
1020;TOT;NO;1524;2018K3;34828
1020;TOT;NO;1524;2018K4;34738
1020;TOT;NO;1524;2019K1;32837
1020;TOT;NO;1524;2019K2;33750
1020;TOT;NO;1524;2019K3;33991
1020;TOT;NO;1524;2019K4;33448
1020;TOT;NO;1524;2020K1;31282
1020;TOT;NO;1524;2020K2;29736
1020;TOT;NO;1524;2020K3;31180
1020;TOT;NO;1524;2020K4;32093
1020;TOT;NO;1524;2021K1;30706
1020;TOT;NO;1524;2021K2;32387
1020;TOT;NO;1524;2021K3;34227
1020;TOT;NO;1524;2021K4;35307
1020;TOT;NO;1524;2022K1;33985
1020;TOT;NO;1524;2022K2;35627
1020;TOT;NO;1524;2022K3;35941
1020;TOT;NO;1524;2022K4;35992
1020;TOT;NO;1524;2023K1;33886
1020;TOT;NO;1524;2023K2;35078
1020;TOT;NO;1524;2023K3;34998
1020;TOT;NO;1524;2023K4;35488
1020;TOT;NO;1524;2024K1;33747
1020;TOT;NO;1524;2024K2;34819
1020;TOT;NO;1524;2024K3;35259
1020;TOT;NO;1524;2024K4;35928
1020;TOT;NO;1524;2025K1;34225
1020;TOT;NO;1524;2025K2;35174
1020;TOT;NO;1524;2025K3;35535
1020;TOT;NO;1524;2025K4;35910
1020;TOT;NO;1524;2026K1;33950
1020;TOT;NO;1524;2026K2;34661
1020;TOT;NO;2534;2018K1;66630
1020;TOT;NO;2534;2018K2;69123
1020;TOT;NO;2534;2018K3;69732
1020;TOT;NO;2534;2018K4;70649
1020;TOT;NO;2534;2019K1;69551
1020;TOT;NO;2534;2019K2;71709
1020;TOT;NO;2534;2019K3;71686
1020;TOT;NO;2534;2019K4;71467
1020;TOT;NO;2534;2020K1;70341
1020;TOT;NO;2534;2020K2;69369
1020;TOT;NO;2534;2020K3;69458
1020;TOT;NO;2534;2020K4;70768
1020;TOT;NO;2534;2021K1;70283
1020;TOT;NO;2534;2021K2;73520
1020;TOT;NO;2534;2021K3;75249
1020;TOT;NO;2534;2021K4;77900
1020;TOT;NO;2534;2022K1;78535
1020;TOT;NO;2534;2022K2;81547
1020;TOT;NO;2534;2022K3;82473
1020;TOT;NO;2534;2022K4;83326
1020;TOT;NO;2534;2023K1;82296
1020;TOT;NO;2534;2023K2;84336
1020;TOT;NO;2534;2023K3;84079
1020;TOT;NO;2534;2023K4;84647
1020;TOT;NO;2534;2024K1;83716
1020;TOT;NO;2534;2024K2;85805
1020;TOT;NO;2534;2024K3;85787
1020;TOT;NO;2534;2024K4;86624
1020;TOT;NO;2534;2025K1;85795
1020;TOT;NO;2534;2025K2;87707
1020;TOT;NO;2534;2025K3;87276
1020;TOT;NO;2534;2025K4;87322
1020;TOT;NO;2534;2026K1;86287
1020;TOT;NO;2534;2026K2;87811
1020;TOT;NO;3544;2018K1;62769
1020;TOT;NO;3544;2018K2;63972
1020;TOT;NO;3544;2018K3;64115
1020;TOT;NO;3544;2018K4;64476
1020;TOT;NO;3544;2019K1;62954
1020;TOT;NO;3544;2019K2;63731
1020;TOT;NO;3544;2019K3;63835
1020;TOT;NO;3544;2019K4;63531
1020;TOT;NO;3544;2020K1;62371
1020;TOT;NO;3544;2020K2;61470
1020;TOT;NO;3544;2020K3;61787
1020;TOT;NO;3544;2020K4;62005
1020;TOT;NO;3544;2021K1;61102
1020;TOT;NO;3544;2021K2;62767
1020;TOT;NO;3544;2021K3;63750
1020;TOT;NO;3544;2021K4;65073
1020;TOT;NO;3544;2022K1;65144
1020;TOT;NO;3544;2022K2;66287
1020;TOT;NO;3544;2022K3;67103
1020;TOT;NO;3544;2022K4;67348
1020;TOT;NO;3544;2023K1;66794
1020;TOT;NO;3544;2023K2;67845
1020;TOT;NO;3544;2023K3;68378
1020;TOT;NO;3544;2023K4;68684
1020;TOT;NO;3544;2024K1;68410
1020;TOT;NO;3544;2024K2;69702
1020;TOT;NO;3544;2024K3;70205
1020;TOT;NO;3544;2024K4;70844
1020;TOT;NO;3544;2025K1;70198
1020;TOT;NO;3544;2025K2;71218
1020;TOT;NO;3544;2025K3;71495
1020;TOT;NO;3544;2025K4;71965
1020;TOT;NO;3544;2026K1;71651
1020;TOT;NO;3544;2026K2;73147
1020;TOT;NO;4554;2018K1;67484
1020;TOT;NO;4554;2018K2;68928
1020;TOT;NO;4554;2018K3;69390
1020;TOT;NO;4554;2018K4;69462
1020;TOT;NO;4554;2019K1;67908
1020;TOT;NO;4554;2019K2;68820
1020;TOT;NO;4554;2019K3;68915
1020;TOT;NO;4554;2019K4;68431
1020;TOT;NO;4554;2020K1;67531
1020;TOT;NO;4554;2020K2;66900
1020;TOT;NO;4554;2020K3;67278
1020;TOT;NO;4554;2020K4;67588
1020;TOT;NO;4554;2021K1;66828
1020;TOT;NO;4554;2021K2;68121
1020;TOT;NO;4554;2021K3;69109
1020;TOT;NO;4554;2021K4;69489
1020;TOT;NO;4554;2022K1;69091
1020;TOT;NO;4554;2022K2;69488
1020;TOT;NO;4554;2022K3;69744
1020;TOT;NO;4554;2022K4;69653
1020;TOT;NO;4554;2023K1;68998
1020;TOT;NO;4554;2023K2;69361
1020;TOT;NO;4554;2023K3;69168
1020;TOT;NO;4554;2023K4;69045
1020;TOT;NO;4554;2024K1;68479
1020;TOT;NO;4554;2024K2;69177
1020;TOT;NO;4554;2024K3;69277
1020;TOT;NO;4554;2024K4;69254
1020;TOT;NO;4554;2025K1;68561
1020;TOT;NO;4554;2025K2;69098
1020;TOT;NO;4554;2025K3;68928
1020;TOT;NO;4554;2025K4;68718
1020;TOT;NO;4554;2026K1;67708
1020;TOT;NO;4554;2026K2;68281
1020;TOT;NO;5564;2018K1;45703
1020;TOT;NO;5564;2018K2;47761
1020;TOT;NO;5564;2018K3;48594
1020;TOT;NO;5564;2018K4;48923
1020;TOT;NO;5564;2019K1;48185
1020;TOT;NO;5564;2019K2;49893
1020;TOT;NO;5564;2019K3;50815
1020;TOT;NO;5564;2019K4;50808
1020;TOT;NO;5564;2020K1;50486
1020;TOT;NO;5564;2020K2;50797
1020;TOT;NO;5564;2020K3;51791
1020;TOT;NO;5564;2020K4;52287
1020;TOT;NO;5564;2021K1;52133
1020;TOT;NO;5564;2021K2;54267
1020;TOT;NO;5564;2021K3;55720
1020;TOT;NO;5564;2021K4;56605
1020;TOT;NO;5564;2022K1;56347
1020;TOT;NO;5564;2022K2;57631
1020;TOT;NO;5564;2022K3;58466
1020;TOT;NO;5564;2022K4;58558
1020;TOT;NO;5564;2023K1;58104
1020;TOT;NO;5564;2023K2;59259
1020;TOT;NO;5564;2023K3;59636
1020;TOT;NO;5564;2023K4;59649
1020;TOT;NO;5564;2024K1;59437
1020;TOT;NO;5564;2024K2;60617
1020;TOT;NO;5564;2024K3;60983
1020;TOT;NO;5564;2024K4;60937
1020;TOT;NO;5564;2025K1;60508
1020;TOT;NO;5564;2025K2;61510
1020;TOT;NO;5564;2025K3;61762
1020;TOT;NO;5564;2025K4;61674
1020;TOT;NO;5564;2026K1;60981
1020;TOT;NO;5564;2026K2;62168
1020;TOT;N;1524;2018K1;13136
1020;TOT;N;1524;2018K2;13170
1020;TOT;N;1524;2018K3;13177
1020;TOT;N;1524;2018K4;13795
1020;TOT;N;1524;2019K1;13383
1020;TOT;N;1524;2019K2;13273
1020;TOT;N;1524;2019K3;12975
1020;TOT;N;1524;2019K4;13285
1020;TOT;N;1524;2020K1;13066
1020;TOT;N;1524;2020K2;12180
1020;TOT;N;1524;2020K3;12141
1020;TOT;N;1524;2020K4;12737
1020;TOT;N;1524;2021K1;12764
1020;TOT;N;1524;2021K2;12922
1020;TOT;N;1524;2021K3;13148
1020;TOT;N;1524;2021K4;14030
1020;TOT;N;1524;2022K1;14229
1020;TOT;N;1524;2022K2;14461
1020;TOT;N;1524;2022K3;14346
1020;TOT;N;1524;2022K4;14807
1020;TOT;N;1524;2023K1;14643
1020;TOT;N;1524;2023K2;14503
1020;TOT;N;1524;2023K3;14183
1020;TOT;N;1524;2023K4;14465
1020;TOT;N;1524;2024K1;14222
1020;TOT;N;1524;2024K2;14154
1020;TOT;N;1524;2024K3;13696
1020;TOT;N;1524;2024K4;14094
1020;TOT;N;1524;2025K1;13892
1020;TOT;N;1524;2025K2;13800
1020;TOT;N;1524;2025K3;13378
1020;TOT;N;1524;2025K4;13763
1020;TOT;N;1524;2026K1;13233
1020;TOT;N;1524;2026K2;13024
1020;TOT;N;2534;2018K1;36651
1020;TOT;N;2534;2018K2;37491
1020;TOT;N;2534;2018K3;37593
1020;TOT;N;2534;2018K4;38762
1020;TOT;N;2534;2019K1;38526
1020;TOT;N;2534;2019K2;39088
1020;TOT;N;2534;2019K3;38777
1020;TOT;N;2534;2019K4;39378
1020;TOT;N;2534;2020K1;39740
1020;TOT;N;2534;2020K2;39513
1020;TOT;N;2534;2020K3;38945
1020;TOT;N;2534;2020K4;39904
1020;TOT;N;2534;2021K1;40742
1020;TOT;N;2534;2021K2;42058
1020;TOT;N;2534;2021K3;42948
1020;TOT;N;2534;2021K4;44989
1020;TOT;N;2534;2022K1;46450
1020;TOT;N;2534;2022K2;48220
1020;TOT;N;2534;2022K3;48998
1020;TOT;N;2534;2022K4;50364
1020;TOT;N;2534;2023K1;50877
1020;TOT;N;2534;2023K2;51633
1020;TOT;N;2534;2023K3;51455
1020;TOT;N;2534;2023K4;52483
1020;TOT;N;2534;2024K1;52705
1020;TOT;N;2534;2024K2;53264
1020;TOT;N;2534;2024K3;53040
1020;TOT;N;2534;2024K4;54082
1020;TOT;N;2534;2025K1;53951
1020;TOT;N;2534;2025K2;54406
1020;TOT;N;2534;2025K3;53541
1020;TOT;N;2534;2025K4;53997
1020;TOT;N;2534;2026K1;53913
1020;TOT;N;2534;2026K2;54008
1020;TOT;N;3544;2018K1;32975
1020;TOT;N;3544;2018K2;33269
1020;TOT;N;3544;2018K3;33164
1020;TOT;N;3544;2018K4;33444
1020;TOT;N;3544;2019K1;32474
1020;TOT;N;3544;2019K2;32347
1020;TOT;N;3544;2019K3;32331
1020;TOT;N;3544;2019K4;32399
1020;TOT;N;3544;2020K1;32212
1020;TOT;N;3544;2020K2;32103
1020;TOT;N;3544;2020K3;31747
1020;TOT;N;3544;2020K4;31742
1020;TOT;N;3544;2021K1;32029
1020;TOT;N;3544;2021K2;32553
1020;TOT;N;3544;2021K3;32970
1020;TOT;N;3544;2021K4;33771
1020;TOT;N;3544;2022K1;34184
1020;TOT;N;3544;2022K2;34927
1020;TOT;N;3544;2022K3;35554
1020;TOT;N;3544;2022K4;35949
1020;TOT;N;3544;2023K1;36135
1020;TOT;N;3544;2023K2;36601
1020;TOT;N;3544;2023K3;36940
1020;TOT;N;3544;2023K4;37479
1020;TOT;N;3544;2024K1;37737
1020;TOT;N;3544;2024K2;38078
1020;TOT;N;3544;2024K3;38252
1020;TOT;N;3544;2024K4;38904
1020;TOT;N;3544;2025K1;38711
1020;TOT;N;3544;2025K2;39136
1020;TOT;N;3544;2025K3;38996
1020;TOT;N;3544;2025K4;39404
1020;TOT;N;3544;2026K1;39685
1020;TOT;N;3544;2026K2;40114
1020;TOT;N;4554;2018K1;34454
1020;TOT;N;4554;2018K2;34758
1020;TOT;N;4554;2018K3;34799
1020;TOT;N;4554;2018K4;35015
1020;TOT;N;4554;2019K1;34116
1020;TOT;N;4554;2019K2;34192
1020;TOT;N;4554;2019K3;34241
1020;TOT;N;4554;2019K4;34328
1020;TOT;N;4554;2020K1;34223
1020;TOT;N;4554;2020K2;34142
1020;TOT;N;4554;2020K3;33873
1020;TOT;N;4554;2020K4;33929
1020;TOT;N;4554;2021K1;34198
1020;TOT;N;4554;2021K2;34542
1020;TOT;N;4554;2021K3;34817
1020;TOT;N;4554;2021K4;35077
1020;TOT;N;4554;2022K1;35216
1020;TOT;N;4554;2022K2;35545
1020;TOT;N;4554;2022K3;35856
1020;TOT;N;4554;2022K4;35997
1020;TOT;N;4554;2023K1;35938
1020;TOT;N;4554;2023K2;36022
1020;TOT;N;4554;2023K3;35924
1020;TOT;N;4554;2023K4;36122
1020;TOT;N;4554;2024K1;36052
1020;TOT;N;4554;2024K2;36090
1020;TOT;N;4554;2024K3;36155
1020;TOT;N;4554;2024K4;36497
1020;TOT;N;4554;2025K1;36197
1020;TOT;N;4554;2025K2;36209
1020;TOT;N;4554;2025K3;35761
1020;TOT;N;4554;2025K4;35817
1020;TOT;N;4554;2026K1;35717
1020;TOT;N;4554;2026K2;35606
1020;TOT;N;5564;2018K1;21975
1020;TOT;N;5564;2018K2;22422
1020;TOT;N;5564;2018K3;22665
1020;TOT;N;5564;2018K4;23085
1020;TOT;N;5564;2019K1;22820
1020;TOT;N;5564;2019K2;23180
1020;TOT;N;5564;2019K3;23489
1020;TOT;N;5564;2019K4;23942
1020;TOT;N;5564;2020K1;24243
1020;TOT;N;5564;2020K2;24540
1020;TOT;N;5564;2020K3;24766
1020;TOT;N;5564;2020K4;25181
1020;TOT;N;5564;2021K1;25705
1020;TOT;N;5564;2021K2;26289
1020;TOT;N;5564;2021K3;26812
1020;TOT;N;5564;2021K4;27492
1020;TOT;N;5564;2022K1;27826
1020;TOT;N;5564;2022K2;28441
1020;TOT;N;5564;2022K3;28891
1020;TOT;N;5564;2022K4;29187
1020;TOT;N;5564;2023K1;29353
1020;TOT;N;5564;2023K2;29703
1020;TOT;N;5564;2023K3;29869
1020;TOT;N;5564;2023K4;30241
1020;TOT;N;5564;2024K1;30484
1020;TOT;N;5564;2024K2;30736
1020;TOT;N;5564;2024K3;30841
1020;TOT;N;5564;2024K4;31199
1020;TOT;N;5564;2025K1;31182
1020;TOT;N;5564;2025K2;31415
1020;TOT;N;5564;2025K3;31274
1020;TOT;N;5564;2025K4;31499
1020;TOT;N;5564;2026K1;31485
1020;TOT;N;5564;2026K2;31651
1020;TOT;O;1524;2018K1;19758
1020;TOT;O;1524;2018K2;20871
1020;TOT;O;1524;2018K3;21651
1020;TOT;O;1524;2018K4;20943
1020;TOT;O;1524;2019K1;19455
1020;TOT;O;1524;2019K2;20477
1020;TOT;O;1524;2019K3;21016
1020;TOT;O;1524;2019K4;20162
1020;TOT;O;1524;2020K1;18216
1020;TOT;O;1524;2020K2;17556
1020;TOT;O;1524;2020K3;19039
1020;TOT;O;1524;2020K4;19355
1020;TOT;O;1524;2021K1;17943
1020;TOT;O;1524;2021K2;19466
1020;TOT;O;1524;2021K3;21078
1020;TOT;O;1524;2021K4;21277
1020;TOT;O;1524;2022K1;19756
1020;TOT;O;1524;2022K2;21166
1020;TOT;O;1524;2022K3;21595
1020;TOT;O;1524;2022K4;21186
1020;TOT;O;1524;2023K1;19243
1020;TOT;O;1524;2023K2;20576
1020;TOT;O;1524;2023K3;20816
1020;TOT;O;1524;2023K4;21023
1020;TOT;O;1524;2024K1;19526
1020;TOT;O;1524;2024K2;20665
1020;TOT;O;1524;2024K3;21563
1020;TOT;O;1524;2024K4;21834
1020;TOT;O;1524;2025K1;20333
1020;TOT;O;1524;2025K2;21374
1020;TOT;O;1524;2025K3;22157
1020;TOT;O;1524;2025K4;22147
1020;TOT;O;1524;2026K1;20716
1020;TOT;O;1524;2026K2;21637
1020;TOT;O;2534;2018K1;29979
1020;TOT;O;2534;2018K2;31632
1020;TOT;O;2534;2018K3;32139
1020;TOT;O;2534;2018K4;31886
1020;TOT;O;2534;2019K1;31025
1020;TOT;O;2534;2019K2;32621
1020;TOT;O;2534;2019K3;32909
1020;TOT;O;2534;2019K4;32089
1020;TOT;O;2534;2020K1;30601
1020;TOT;O;2534;2020K2;29856
1020;TOT;O;2534;2020K3;30512
1020;TOT;O;2534;2020K4;30864
1020;TOT;O;2534;2021K1;29541
1020;TOT;O;2534;2021K2;31462
1020;TOT;O;2534;2021K3;32301
1020;TOT;O;2534;2021K4;32911
1020;TOT;O;2534;2022K1;32086
1020;TOT;O;2534;2022K2;33326
1020;TOT;O;2534;2022K3;33475
1020;TOT;O;2534;2022K4;32962
1020;TOT;O;2534;2023K1;31419
1020;TOT;O;2534;2023K2;32703
1020;TOT;O;2534;2023K3;32624
1020;TOT;O;2534;2023K4;32164
1020;TOT;O;2534;2024K1;31011
1020;TOT;O;2534;2024K2;32541
1020;TOT;O;2534;2024K3;32748
1020;TOT;O;2534;2024K4;32542
1020;TOT;O;2534;2025K1;31844
1020;TOT;O;2534;2025K2;33300
1020;TOT;O;2534;2025K3;33735
1020;TOT;O;2534;2025K4;33325
1020;TOT;O;2534;2026K1;32375
1020;TOT;O;2534;2026K2;33804
1020;TOT;O;3544;2018K1;29793
1020;TOT;O;3544;2018K2;30703
1020;TOT;O;3544;2018K3;30951
1020;TOT;O;3544;2018K4;31032
1020;TOT;O;3544;2019K1;30481
1020;TOT;O;3544;2019K2;31383
1020;TOT;O;3544;2019K3;31504
1020;TOT;O;3544;2019K4;31132
1020;TOT;O;3544;2020K1;30159
1020;TOT;O;3544;2020K2;29368
1020;TOT;O;3544;2020K3;30040
1020;TOT;O;3544;2020K4;30262
1020;TOT;O;3544;2021K1;29074
1020;TOT;O;3544;2021K2;30213
1020;TOT;O;3544;2021K3;30781
1020;TOT;O;3544;2021K4;31302
1020;TOT;O;3544;2022K1;30960
1020;TOT;O;3544;2022K2;31360
1020;TOT;O;3544;2022K3;31549
1020;TOT;O;3544;2022K4;31399
1020;TOT;O;3544;2023K1;30658
1020;TOT;O;3544;2023K2;31244
1020;TOT;O;3544;2023K3;31438
1020;TOT;O;3544;2023K4;31204
1020;TOT;O;3544;2024K1;30673
1020;TOT;O;3544;2024K2;31624
1020;TOT;O;3544;2024K3;31953
1020;TOT;O;3544;2024K4;31940
1020;TOT;O;3544;2025K1;31487
1020;TOT;O;3544;2025K2;32081
1020;TOT;O;3544;2025K3;32499
1020;TOT;O;3544;2025K4;32561
1020;TOT;O;3544;2026K1;31966
1020;TOT;O;3544;2026K2;33032
1020;TOT;O;4554;2018K1;33031
1020;TOT;O;4554;2018K2;34170
1020;TOT;O;4554;2018K3;34591
1020;TOT;O;4554;2018K4;34446
1020;TOT;O;4554;2019K1;33792
1020;TOT;O;4554;2019K2;34628
1020;TOT;O;4554;2019K3;34674
1020;TOT;O;4554;2019K4;34103
1020;TOT;O;4554;2020K1;33308
1020;TOT;O;4554;2020K2;32759
1020;TOT;O;4554;2020K3;33405
1020;TOT;O;4554;2020K4;33659
1020;TOT;O;4554;2021K1;32631
1020;TOT;O;4554;2021K2;33579
1020;TOT;O;4554;2021K3;34293
1020;TOT;O;4554;2021K4;34411
1020;TOT;O;4554;2022K1;33875
1020;TOT;O;4554;2022K2;33943
1020;TOT;O;4554;2022K3;33889
1020;TOT;O;4554;2022K4;33656
1020;TOT;O;4554;2023K1;33060
1020;TOT;O;4554;2023K2;33339
1020;TOT;O;4554;2023K3;33244
1020;TOT;O;4554;2023K4;32923
1020;TOT;O;4554;2024K1;32427
1020;TOT;O;4554;2024K2;33087
1020;TOT;O;4554;2024K3;33121
1020;TOT;O;4554;2024K4;32757
1020;TOT;O;4554;2025K1;32364
1020;TOT;O;4554;2025K2;32889
1020;TOT;O;4554;2025K3;33167
1020;TOT;O;4554;2025K4;32902
1020;TOT;O;4554;2026K1;31992
1020;TOT;O;4554;2026K2;32675
1020;TOT;O;5564;2018K1;23728
1020;TOT;O;5564;2018K2;25339
1020;TOT;O;5564;2018K3;25928
1020;TOT;O;5564;2018K4;25837
1020;TOT;O;5564;2019K1;25365
1020;TOT;O;5564;2019K2;26714
1020;TOT;O;5564;2019K3;27327
1020;TOT;O;5564;2019K4;26866
1020;TOT;O;5564;2020K1;26244
1020;TOT;O;5564;2020K2;26257
1020;TOT;O;5564;2020K3;27025
1020;TOT;O;5564;2020K4;27106
1020;TOT;O;5564;2021K1;26428
1020;TOT;O;5564;2021K2;27978
1020;TOT;O;5564;2021K3;28908
1020;TOT;O;5564;2021K4;29113
1020;TOT;O;5564;2022K1;28520
1020;TOT;O;5564;2022K2;29190
1020;TOT;O;5564;2022K3;29576
1020;TOT;O;5564;2022K4;29371
1020;TOT;O;5564;2023K1;28751
1020;TOT;O;5564;2023K2;29556
1020;TOT;O;5564;2023K3;29767
1020;TOT;O;5564;2023K4;29408
1020;TOT;O;5564;2024K1;28952
1020;TOT;O;5564;2024K2;29881
1020;TOT;O;5564;2024K3;30142
1020;TOT;O;5564;2024K4;29739
1020;TOT;O;5564;2025K1;29325
1020;TOT;O;5564;2025K2;30095
1020;TOT;O;5564;2025K3;30488
1020;TOT;O;5564;2025K4;30175
1020;TOT;O;5564;2026K1;29496
1020;TOT;O;5564;2026K2;30517
1020;TOT;PQR;1524;2018K1;67896
1020;TOT;PQR;1524;2018K2;67930
1020;TOT;PQR;1524;2018K3;68226
1020;TOT;PQR;1524;2018K4;70326
1020;TOT;PQR;1524;2019K1;69538
1020;TOT;PQR;1524;2019K2;69120
1020;TOT;PQR;1524;2019K3;69293
1020;TOT;PQR;1524;2019K4;70557
1020;TOT;PQR;1524;2020K1;69098
1020;TOT;PQR;1524;2020K2;70260
1020;TOT;PQR;1524;2020K3;72917
1020;TOT;PQR;1524;2020K4;77040
1020;TOT;PQR;1524;2021K1;77759
1020;TOT;PQR;1524;2021K2;83648
1020;TOT;PQR;1524;2021K3;82500
1020;TOT;PQR;1524;2021K4;83432
1020;TOT;PQR;1524;2022K1;85586
1020;TOT;PQR;1524;2022K2;80195
1020;TOT;PQR;1524;2022K3;80007
1020;TOT;PQR;1524;2022K4;83697
1020;TOT;PQR;1524;2023K1;84025
1020;TOT;PQR;1524;2023K2;82704
1020;TOT;PQR;1524;2023K3;81887
1020;TOT;PQR;1524;2023K4;84634
1020;TOT;PQR;1524;2024K1;84512
1020;TOT;PQR;1524;2024K2;84196
1020;TOT;PQR;1524;2024K3;83054
1020;TOT;PQR;1524;2024K4;86014
1020;TOT;PQR;1524;2025K1;85660
1020;TOT;PQR;1524;2025K2;84665
1020;TOT;PQR;1524;2025K3;84773
1020;TOT;PQR;1524;2025K4;87971
1020;TOT;PQR;1524;2026K1;88784
1020;TOT;PQR;1524;2026K2;88713
1020;TOT;PQR;2534;2018K1;166237
1020;TOT;PQR;2534;2018K2;169052
1020;TOT;PQR;2534;2018K3;167920
1020;TOT;PQR;2534;2018K4;170803
1020;TOT;PQR;2534;2019K1;171326
1020;TOT;PQR;2534;2019K2;174069
1020;TOT;PQR;2534;2019K3;172781
1020;TOT;PQR;2534;2019K4;175273
1020;TOT;PQR;2534;2020K1;176286
1020;TOT;PQR;2534;2020K2;177460
1020;TOT;PQR;2534;2020K3;177312
1020;TOT;PQR;2534;2020K4;182715
1020;TOT;PQR;2534;2021K1;184109
1020;TOT;PQR;2534;2021K2;190469
1020;TOT;PQR;2534;2021K3;188865
1020;TOT;PQR;2534;2021K4;191988
1020;TOT;PQR;2534;2022K1;193183
1020;TOT;PQR;2534;2022K2;194712
1020;TOT;PQR;2534;2022K3;192016
1020;TOT;PQR;2534;2022K4;195136
1020;TOT;PQR;2534;2023K1;195501
1020;TOT;PQR;2534;2023K2;198419
1020;TOT;PQR;2534;2023K3;195993
1020;TOT;PQR;2534;2023K4;198316
1020;TOT;PQR;2534;2024K1;197796
1020;TOT;PQR;2534;2024K2;199636
1020;TOT;PQR;2534;2024K3;196740
1020;TOT;PQR;2534;2024K4;199129
1020;TOT;PQR;2534;2025K1;198932
1020;TOT;PQR;2534;2025K2;200376
1020;TOT;PQR;2534;2025K3;197993
1020;TOT;PQR;2534;2025K4;200768
1020;TOT;PQR;2534;2026K1;200845
1020;TOT;PQR;2534;2026K2;202586
1020;TOT;PQR;3544;2018K1;199896
1020;TOT;PQR;3544;2018K2;199429
1020;TOT;PQR;3544;2018K3;197210
1020;TOT;PQR;3544;2018K4;197234
1020;TOT;PQR;3544;2019K1;195943
1020;TOT;PQR;3544;2019K2;195604
1020;TOT;PQR;3544;2019K3;192960
1020;TOT;PQR;3544;2019K4;192774
1020;TOT;PQR;3544;2020K1;191348
1020;TOT;PQR;3544;2020K2;190294
1020;TOT;PQR;3544;2020K3;188712
1020;TOT;PQR;3544;2020K4;189972
1020;TOT;PQR;3544;2021K1;189373
1020;TOT;PQR;3544;2021K2;190856
1020;TOT;PQR;3544;2021K3;189607
1020;TOT;PQR;3544;2021K4;190543
1020;TOT;PQR;3544;2022K1;190971
1020;TOT;PQR;3544;2022K2;191743
1020;TOT;PQR;3544;2022K3;190605
1020;TOT;PQR;3544;2022K4;191809
1020;TOT;PQR;3544;2023K1;192091
1020;TOT;PQR;3544;2023K2;192697
1020;TOT;PQR;3544;2023K3;191314
1020;TOT;PQR;3544;2023K4;192375
1020;TOT;PQR;3544;2024K1;192634
1020;TOT;PQR;3544;2024K2;193397
1020;TOT;PQR;3544;2024K3;192922
1020;TOT;PQR;3544;2024K4;194306
1020;TOT;PQR;3544;2025K1;194869
1020;TOT;PQR;3544;2025K2;195922
1020;TOT;PQR;3544;2025K3;195996
1020;TOT;PQR;3544;2025K4;198036
1020;TOT;PQR;3544;2026K1;199565
1020;TOT;PQR;3544;2026K2;201258
1020;TOT;PQR;4554;2018K1;216067
1020;TOT;PQR;4554;2018K2;216151
1020;TOT;PQR;4554;2018K3;215254
1020;TOT;PQR;4554;2018K4;215472
1020;TOT;PQR;4554;2019K1;215311
1020;TOT;PQR;4554;2019K2;215559
1020;TOT;PQR;4554;2019K3;214612
1020;TOT;PQR;4554;2019K4;215085
1020;TOT;PQR;4554;2020K1;214942
1020;TOT;PQR;4554;2020K2;214761
1020;TOT;PQR;4554;2020K3;214675
1020;TOT;PQR;4554;2020K4;216483
1020;TOT;PQR;4554;2021K1;217000
1020;TOT;PQR;4554;2021K2;218264
1020;TOT;PQR;4554;2021K3;216998
1020;TOT;PQR;4554;2021K4;216875
1020;TOT;PQR;4554;2022K1;216606
1020;TOT;PQR;4554;2022K2;215979
1020;TOT;PQR;4554;2022K3;214703
1020;TOT;PQR;4554;2022K4;215404
1020;TOT;PQR;4554;2023K1;215435
1020;TOT;PQR;4554;2023K2;215704
1020;TOT;PQR;4554;2023K3;215202
1020;TOT;PQR;4554;2023K4;215809
1020;TOT;PQR;4554;2024K1;215566
1020;TOT;PQR;4554;2024K2;216019
1020;TOT;PQR;4554;2024K3;215240
1020;TOT;PQR;4554;2024K4;215993
1020;TOT;PQR;4554;2025K1;215951
1020;TOT;PQR;4554;2025K2;216284
1020;TOT;PQR;4554;2025K3;215656
1020;TOT;PQR;4554;2025K4;216458
1020;TOT;PQR;4554;2026K1;216124
1020;TOT;PQR;4554;2026K2;215956
1020;TOT;PQR;5564;2018K1;183867
1020;TOT;PQR;5564;2018K2;186241
1020;TOT;PQR;5564;2018K3;187059
1020;TOT;PQR;5564;2018K4;188220
1020;TOT;PQR;5564;2019K1;188426
1020;TOT;PQR;5564;2019K2;190604
1020;TOT;PQR;5564;2019K3;190677
1020;TOT;PQR;5564;2019K4;191387
1020;TOT;PQR;5564;2020K1;191171
1020;TOT;PQR;5564;2020K2;191033
1020;TOT;PQR;5564;2020K3;190822
1020;TOT;PQR;5564;2020K4;192543
1020;TOT;PQR;5564;2021K1;192982
1020;TOT;PQR;5564;2021K2;195178
1020;TOT;PQR;5564;2021K3;195003
1020;TOT;PQR;5564;2021K4;196461
1020;TOT;PQR;5564;2022K1;197406
1020;TOT;PQR;5564;2022K2;198406
1020;TOT;PQR;5564;2022K3;198266
1020;TOT;PQR;5564;2022K4;199364
1020;TOT;PQR;5564;2023K1;199807
1020;TOT;PQR;5564;2023K2;200646
1020;TOT;PQR;5564;2023K3;199783
1020;TOT;PQR;5564;2023K4;200388
1020;TOT;PQR;5564;2024K1;199676
1020;TOT;PQR;5564;2024K2;199962
1020;TOT;PQR;5564;2024K3;198691
1020;TOT;PQR;5564;2024K4;199059
1020;TOT;PQR;5564;2025K1;198425
1020;TOT;PQR;5564;2025K2;198600
1020;TOT;PQR;5564;2025K3;197624
1020;TOT;PQR;5564;2025K4;198315
1020;TOT;PQR;5564;2026K1;198352
1020;TOT;PQR;5564;2026K2;199048
1020;TOT;P;1524;2018K1;9121
1020;TOT;P;1524;2018K2;9222
1020;TOT;P;1524;2018K3;9238
1020;TOT;P;1524;2018K4;9143
1020;TOT;P;1524;2019K1;9448
1020;TOT;P;1524;2019K2;9428
1020;TOT;P;1524;2019K3;9656
1020;TOT;P;1524;2019K4;9565
1020;TOT;P;1524;2020K1;9863
1020;TOT;P;1524;2020K2;9716
1020;TOT;P;1524;2020K3;9962
1020;TOT;P;1524;2020K4;9920
1020;TOT;P;1524;2021K1;10004
1020;TOT;P;1524;2021K2;9944
1020;TOT;P;1524;2021K3;9979
1020;TOT;P;1524;2021K4;9968
1020;TOT;P;1524;2022K1;10108
1020;TOT;P;1524;2022K2;9693
1020;TOT;P;1524;2022K3;9779
1020;TOT;P;1524;2022K4;9809
1020;TOT;P;1524;2023K1;10087
1020;TOT;P;1524;2023K2;9923
1020;TOT;P;1524;2023K3;10241
1020;TOT;P;1524;2023K4;10305
1020;TOT;P;1524;2024K1;10482
1020;TOT;P;1524;2024K2;10411
1020;TOT;P;1524;2024K3;10535
1020;TOT;P;1524;2024K4;10512
1020;TOT;P;1524;2025K1;10498
1020;TOT;P;1524;2025K2;10392
1020;TOT;P;1524;2025K3;10589
1020;TOT;P;1524;2025K4;10500
1020;TOT;P;1524;2026K1;10761
1020;TOT;P;1524;2026K2;10678
1020;TOT;P;2534;2018K1;28980
1020;TOT;P;2534;2018K2;29743
1020;TOT;P;2534;2018K3;29919
1020;TOT;P;2534;2018K4;30469
1020;TOT;P;2534;2019K1;30848
1020;TOT;P;2534;2019K2;31574
1020;TOT;P;2534;2019K3;31740
1020;TOT;P;2534;2019K4;32244
1020;TOT;P;2534;2020K1;32534
1020;TOT;P;2534;2020K2;33063
1020;TOT;P;2534;2020K3;33278
1020;TOT;P;2534;2020K4;34330
1020;TOT;P;2534;2021K1;34172
1020;TOT;P;2534;2021K2;35147
1020;TOT;P;2534;2021K3;35022
1020;TOT;P;2534;2021K4;35683
1020;TOT;P;2534;2022K1;35761
1020;TOT;P;2534;2022K2;36228
1020;TOT;P;2534;2022K3;35965
1020;TOT;P;2534;2022K4;36666
1020;TOT;P;2534;2023K1;37084
1020;TOT;P;2534;2023K2;37905
1020;TOT;P;2534;2023K3;37988
1020;TOT;P;2534;2023K4;38486
1020;TOT;P;2534;2024K1;38429
1020;TOT;P;2534;2024K2;39066
1020;TOT;P;2534;2024K3;38777
1020;TOT;P;2534;2024K4;39266
1020;TOT;P;2534;2025K1;39238
1020;TOT;P;2534;2025K2;39758
1020;TOT;P;2534;2025K3;39385
1020;TOT;P;2534;2025K4;39763
1020;TOT;P;2534;2026K1;39692
1020;TOT;P;2534;2026K2;40200
1020;TOT;P;3544;2018K1;33129
1020;TOT;P;3544;2018K2;33261
1020;TOT;P;3544;2018K3;33118
1020;TOT;P;3544;2018K4;33118
1020;TOT;P;3544;2019K1;33036
1020;TOT;P;3544;2019K2;33286
1020;TOT;P;3544;2019K3;33061
1020;TOT;P;3544;2019K4;33108
1020;TOT;P;3544;2020K1;32762
1020;TOT;P;3544;2020K2;32967
1020;TOT;P;3544;2020K3;32843
1020;TOT;P;3544;2020K4;33287
1020;TOT;P;3544;2021K1;32732
1020;TOT;P;3544;2021K2;33110
1020;TOT;P;3544;2021K3;32934
1020;TOT;P;3544;2021K4;33125
1020;TOT;P;3544;2022K1;33261
1020;TOT;P;3544;2022K2;33711
1020;TOT;P;3544;2022K3;33749
1020;TOT;P;3544;2022K4;34065
1020;TOT;P;3544;2023K1;34241
1020;TOT;P;3544;2023K2;34565
1020;TOT;P;3544;2023K3;34702
1020;TOT;P;3544;2023K4;35040
1020;TOT;P;3544;2024K1;35112
1020;TOT;P;3544;2024K2;35601
1020;TOT;P;3544;2024K3;35734
1020;TOT;P;3544;2024K4;36297
1020;TOT;P;3544;2025K1;36711
1020;TOT;P;3544;2025K2;37200
1020;TOT;P;3544;2025K3;37324
1020;TOT;P;3544;2025K4;37796
1020;TOT;P;3544;2026K1;38058
1020;TOT;P;3544;2026K2;38404
1020;TOT;P;4554;2018K1;35699
1020;TOT;P;4554;2018K2;35690
1020;TOT;P;4554;2018K3;35572
1020;TOT;P;4554;2018K4;35523
1020;TOT;P;4554;2019K1;35453
1020;TOT;P;4554;2019K2;35857
1020;TOT;P;4554;2019K3;35743
1020;TOT;P;4554;2019K4;35945
1020;TOT;P;4554;2020K1;35697
1020;TOT;P;4554;2020K2;35769
1020;TOT;P;4554;2020K3;35814
1020;TOT;P;4554;2020K4;36088
1020;TOT;P;4554;2021K1;35376
1020;TOT;P;4554;2021K2;35588
1020;TOT;P;4554;2021K3;35399
1020;TOT;P;4554;2021K4;35398
1020;TOT;P;4554;2022K1;35388
1020;TOT;P;4554;2022K2;35510
1020;TOT;P;4554;2022K3;35390
1020;TOT;P;4554;2022K4;35469
1020;TOT;P;4554;2023K1;35527
1020;TOT;P;4554;2023K2;35819
1020;TOT;P;4554;2023K3;35890
1020;TOT;P;4554;2023K4;36058
1020;TOT;P;4554;2024K1;36022
1020;TOT;P;4554;2024K2;36305
1020;TOT;P;4554;2024K3;36229
1020;TOT;P;4554;2024K4;36567
1020;TOT;P;4554;2025K1;36667
1020;TOT;P;4554;2025K2;37091
1020;TOT;P;4554;2025K3;37061
1020;TOT;P;4554;2025K4;37184
1020;TOT;P;4554;2026K1;37060
1020;TOT;P;4554;2026K2;37184
1020;TOT;P;5564;2018K1;28874
1020;TOT;P;5564;2018K2;29356
1020;TOT;P;5564;2018K3;29470
1020;TOT;P;5564;2018K4;29731
1020;TOT;P;5564;2019K1;29924
1020;TOT;P;5564;2019K2;30467
1020;TOT;P;5564;2019K3;30460
1020;TOT;P;5564;2019K4;30604
1020;TOT;P;5564;2020K1;30626
1020;TOT;P;5564;2020K2;30956
1020;TOT;P;5564;2020K3;31187
1020;TOT;P;5564;2020K4;31527
1020;TOT;P;5564;2021K1;30893
1020;TOT;P;5564;2021K2;31391
1020;TOT;P;5564;2021K3;31507
1020;TOT;P;5564;2021K4;31860
1020;TOT;P;5564;2022K1;32079
1020;TOT;P;5564;2022K2;32671
1020;TOT;P;5564;2022K3;32861
1020;TOT;P;5564;2022K4;33173
1020;TOT;P;5564;2023K1;33334
1020;TOT;P;5564;2023K2;33596
1020;TOT;P;5564;2023K3;33693
1020;TOT;P;5564;2023K4;33800
1020;TOT;P;5564;2024K1;33793
1020;TOT;P;5564;2024K2;34070
1020;TOT;P;5564;2024K3;34034
1020;TOT;P;5564;2024K4;34128
1020;TOT;P;5564;2025K1;34028
1020;TOT;P;5564;2025K2;34316
1020;TOT;P;5564;2025K3;34218
1020;TOT;P;5564;2025K4;34514
1020;TOT;P;5564;2026K1;34458
1020;TOT;P;5564;2026K2;34555
1020;TOT;Q;1524;2018K1;16651
1020;TOT;Q;1524;2018K2;16308
1020;TOT;Q;1524;2018K3;13841
1020;TOT;Q;1524;2018K4;17368
1020;TOT;Q;1524;2019K1;16555
1020;TOT;Q;1524;2019K2;16229
1020;TOT;Q;1524;2019K3;13833
1020;TOT;Q;1524;2019K4;16167
1020;TOT;Q;1524;2020K1;15365
1020;TOT;Q;1524;2020K2;13729
1020;TOT;Q;1524;2020K3;13009
1020;TOT;Q;1524;2020K4;15973
1020;TOT;Q;1524;2021K1;12846
1020;TOT;Q;1524;2021K2;14572
1020;TOT;Q;1524;2021K3;13708
1020;TOT;Q;1524;2021K4;17322
1020;TOT;Q;1524;2022K1;17477
1020;TOT;Q;1524;2022K2;16937
1020;TOT;Q;1524;2022K3;14798
1020;TOT;Q;1524;2022K4;17911
1020;TOT;Q;1524;2023K1;17959
1020;TOT;Q;1524;2023K2;17313
1020;TOT;Q;1524;2023K3;14585
1020;TOT;Q;1524;2023K4;17562
1020;TOT;Q;1524;2024K1;17517
1020;TOT;Q;1524;2024K2;17526
1020;TOT;Q;1524;2024K3;14982
1020;TOT;Q;1524;2024K4;18083
1020;TOT;Q;1524;2025K1;17921
1020;TOT;Q;1524;2025K2;17141
1020;TOT;Q;1524;2025K3;15189
1020;TOT;Q;1524;2025K4;18018
1020;TOT;Q;1524;2026K1;17996
1020;TOT;Q;1524;2026K2;17490
1020;TOT;Q;2534;2018K1;42161
1020;TOT;Q;2534;2018K2;42037
1020;TOT;Q;2534;2018K3;39909
1020;TOT;Q;2534;2018K4;42660
1020;TOT;Q;2534;2019K1;42194
1020;TOT;Q;2534;2019K2;42248
1020;TOT;Q;2534;2019K3;40250
1020;TOT;Q;2534;2019K4;42216
1020;TOT;Q;2534;2020K1;42104
1020;TOT;Q;2534;2020K2;40951
1020;TOT;Q;2534;2020K3;39859
1020;TOT;Q;2534;2020K4;42934
1020;TOT;Q;2534;2021K1;41705
1020;TOT;Q;2534;2021K2;42767
1020;TOT;Q;2534;2021K3;41562
1020;TOT;Q;2534;2021K4;44466
1020;TOT;Q;2534;2022K1;44288
1020;TOT;Q;2534;2022K2;44519
1020;TOT;Q;2534;2022K3;42822
1020;TOT;Q;2534;2022K4;45307
1020;TOT;Q;2534;2023K1;44972
1020;TOT;Q;2534;2023K2;44961
1020;TOT;Q;2534;2023K3;42674
1020;TOT;Q;2534;2023K4;44887
1020;TOT;Q;2534;2024K1;44831
1020;TOT;Q;2534;2024K2;44921
1020;TOT;Q;2534;2024K3;42704
1020;TOT;Q;2534;2024K4;44898
1020;TOT;Q;2534;2025K1;44713
1020;TOT;Q;2534;2025K2;44536
1020;TOT;Q;2534;2025K3;42931
1020;TOT;Q;2534;2025K4;45309
1020;TOT;Q;2534;2026K1;45189
1020;TOT;Q;2534;2026K2;45192
1020;TOT;Q;3544;2018K1;57240
1020;TOT;Q;3544;2018K2;56657
1020;TOT;Q;3544;2018K3;55441
1020;TOT;Q;3544;2018K4;56007
1020;TOT;Q;3544;2019K1;55263
1020;TOT;Q;3544;2019K2;54660
1020;TOT;Q;3544;2019K3;53204
1020;TOT;Q;3544;2019K4;53500
1020;TOT;Q;3544;2020K1;52887
1020;TOT;Q;3544;2020K2;51976
1020;TOT;Q;3544;2020K3;50887
1020;TOT;Q;3544;2020K4;51387
1020;TOT;Q;3544;2021K1;50531
1020;TOT;Q;3544;2021K2;50523
1020;TOT;Q;3544;2021K3;49680
1020;TOT;Q;3544;2021K4;50484
1020;TOT;Q;3544;2022K1;50239
1020;TOT;Q;3544;2022K2;50028
1020;TOT;Q;3544;2022K3;49174
1020;TOT;Q;3544;2022K4;49643
1020;TOT;Q;3544;2023K1;49474
1020;TOT;Q;3544;2023K2;49236
1020;TOT;Q;3544;2023K3;48189
1020;TOT;Q;3544;2023K4;48798
1020;TOT;Q;3544;2024K1;48714
1020;TOT;Q;3544;2024K2;48585
1020;TOT;Q;3544;2024K3;47823
1020;TOT;Q;3544;2024K4;48412
1020;TOT;Q;3544;2025K1;48335
1020;TOT;Q;3544;2025K2;48258
1020;TOT;Q;3544;2025K3;47676
1020;TOT;Q;3544;2025K4;48561
1020;TOT;Q;3544;2026K1;48741
1020;TOT;Q;3544;2026K2;48967
1020;TOT;Q;4554;2018K1;57252
1020;TOT;Q;4554;2018K2;57420
1020;TOT;Q;4554;2018K3;56808
1020;TOT;Q;4554;2018K4;57798
1020;TOT;Q;4554;2019K1;57927
1020;TOT;Q;4554;2019K2;58009
1020;TOT;Q;4554;2019K3;57373
1020;TOT;Q;4554;2019K4;58071
1020;TOT;Q;4554;2020K1;58247
1020;TOT;Q;4554;2020K2;58112
1020;TOT;Q;4554;2020K3;57769
1020;TOT;Q;4554;2020K4;58926
1020;TOT;Q;4554;2021K1;58757
1020;TOT;Q;4554;2021K2;59151
1020;TOT;Q;4554;2021K3;58548
1020;TOT;Q;4554;2021K4;59382
1020;TOT;Q;4554;2022K1;59343
1020;TOT;Q;4554;2022K2;59279
1020;TOT;Q;4554;2022K3;58549
1020;TOT;Q;4554;2022K4;59299
1020;TOT;Q;4554;2023K1;59368
1020;TOT;Q;4554;2023K2;59324
1020;TOT;Q;4554;2023K3;58731
1020;TOT;Q;4554;2023K4;59409
1020;TOT;Q;4554;2024K1;59475
1020;TOT;Q;4554;2024K2;59544
1020;TOT;Q;4554;2024K3;58925
1020;TOT;Q;4554;2024K4;59619
1020;TOT;Q;4554;2025K1;59564
1020;TOT;Q;4554;2025K2;59465
1020;TOT;Q;4554;2025K3;58983
1020;TOT;Q;4554;2025K4;59655
1020;TOT;Q;4554;2026K1;59485
1020;TOT;Q;4554;2026K2;59199
1020;TOT;Q;5564;2018K1;44342
1020;TOT;Q;5564;2018K2;44622
1020;TOT;Q;5564;2018K3;44110
1020;TOT;Q;5564;2018K4;44843
1020;TOT;Q;5564;2019K1;44862
1020;TOT;Q;5564;2019K2;44988
1020;TOT;Q;5564;2019K3;44323
1020;TOT;Q;5564;2019K4;44816
1020;TOT;Q;5564;2020K1;44696
1020;TOT;Q;5564;2020K2;44372
1020;TOT;Q;5564;2020K3;43834
1020;TOT;Q;5564;2020K4;44739
1020;TOT;Q;5564;2021K1;44297
1020;TOT;Q;5564;2021K2;44974
1020;TOT;Q;5564;2021K3;44495
1020;TOT;Q;5564;2021K4;45391
1020;TOT;Q;5564;2022K1;45615
1020;TOT;Q;5564;2022K2;45904
1020;TOT;Q;5564;2022K3;45422
1020;TOT;Q;5564;2022K4;46111
1020;TOT;Q;5564;2023K1;46376
1020;TOT;Q;5564;2023K2;46581
1020;TOT;Q;5564;2023K3;45954
1020;TOT;Q;5564;2023K4;46604
1020;TOT;Q;5564;2024K1;46587
1020;TOT;Q;5564;2024K2;46797
1020;TOT;Q;5564;2024K3;46017
1020;TOT;Q;5564;2024K4;46680
1020;TOT;Q;5564;2025K1;46902
1020;TOT;Q;5564;2025K2;47032
1020;TOT;Q;5564;2025K3;46405
1020;TOT;Q;5564;2025K4;47147
1020;TOT;Q;5564;2026K1;47559
1020;TOT;Q;5564;2026K2;47915
1020;TOT;R;1524;2018K1;42124
1020;TOT;R;1524;2018K2;42400
1020;TOT;R;1524;2018K3;45146
1020;TOT;R;1524;2018K4;43815
1020;TOT;R;1524;2019K1;43535
1020;TOT;R;1524;2019K2;43462
1020;TOT;R;1524;2019K3;45805
1020;TOT;R;1524;2019K4;44824
1020;TOT;R;1524;2020K1;43870
1020;TOT;R;1524;2020K2;46816
1020;TOT;R;1524;2020K3;49945
1020;TOT;R;1524;2020K4;51147
1020;TOT;R;1524;2021K1;54908
1020;TOT;R;1524;2021K2;59132
1020;TOT;R;1524;2021K3;58814
1020;TOT;R;1524;2021K4;56143
1020;TOT;R;1524;2022K1;58001
1020;TOT;R;1524;2022K2;53565
1020;TOT;R;1524;2022K3;55429
1020;TOT;R;1524;2022K4;55977
1020;TOT;R;1524;2023K1;55980
1020;TOT;R;1524;2023K2;55469
1020;TOT;R;1524;2023K3;57060
1020;TOT;R;1524;2023K4;56767
1020;TOT;R;1524;2024K1;56513
1020;TOT;R;1524;2024K2;56259
1020;TOT;R;1524;2024K3;57537
1020;TOT;R;1524;2024K4;57419
1020;TOT;R;1524;2025K1;57241
1020;TOT;R;1524;2025K2;57132
1020;TOT;R;1524;2025K3;58994
1020;TOT;R;1524;2025K4;59453
1020;TOT;R;1524;2026K1;60027
1020;TOT;R;1524;2026K2;60545
1020;TOT;R;2534;2018K1;95096
1020;TOT;R;2534;2018K2;97272
1020;TOT;R;2534;2018K3;98093
1020;TOT;R;2534;2018K4;97674
1020;TOT;R;2534;2019K1;98285
1020;TOT;R;2534;2019K2;100248
1020;TOT;R;2534;2019K3;100791
1020;TOT;R;2534;2019K4;100813
1020;TOT;R;2534;2020K1;101649
1020;TOT;R;2534;2020K2;103446
1020;TOT;R;2534;2020K3;104175
1020;TOT;R;2534;2020K4;105451
1020;TOT;R;2534;2021K1;108232
1020;TOT;R;2534;2021K2;112556
1020;TOT;R;2534;2021K3;112282
1020;TOT;R;2534;2021K4;111839
1020;TOT;R;2534;2022K1;113134
1020;TOT;R;2534;2022K2;113966
1020;TOT;R;2534;2022K3;113228
1020;TOT;R;2534;2022K4;113162
1020;TOT;R;2534;2023K1;113445
1020;TOT;R;2534;2023K2;115553
1020;TOT;R;2534;2023K3;115330
1020;TOT;R;2534;2023K4;114942
1020;TOT;R;2534;2024K1;114535
1020;TOT;R;2534;2024K2;115648
1020;TOT;R;2534;2024K3;115259
1020;TOT;R;2534;2024K4;114965
1020;TOT;R;2534;2025K1;114981
1020;TOT;R;2534;2025K2;116082
1020;TOT;R;2534;2025K3;115677
1020;TOT;R;2534;2025K4;115696
1020;TOT;R;2534;2026K1;115964
1020;TOT;R;2534;2026K2;117195
1020;TOT;R;3544;2018K1;109527
1020;TOT;R;3544;2018K2;109512
1020;TOT;R;3544;2018K3;108651
1020;TOT;R;3544;2018K4;108110
1020;TOT;R;3544;2019K1;107644
1020;TOT;R;3544;2019K2;107658
1020;TOT;R;3544;2019K3;106695
1020;TOT;R;3544;2019K4;106166
1020;TOT;R;3544;2020K1;105699
1020;TOT;R;3544;2020K2;105350
1020;TOT;R;3544;2020K3;104982
1020;TOT;R;3544;2020K4;105298
1020;TOT;R;3544;2021K1;106110
1020;TOT;R;3544;2021K2;107224
1020;TOT;R;3544;2021K3;106993
1020;TOT;R;3544;2021K4;106934
1020;TOT;R;3544;2022K1;107470
1020;TOT;R;3544;2022K2;108004
1020;TOT;R;3544;2022K3;107682
1020;TOT;R;3544;2022K4;108102
1020;TOT;R;3544;2023K1;108375
1020;TOT;R;3544;2023K2;108895
1020;TOT;R;3544;2023K3;108423
1020;TOT;R;3544;2023K4;108537
1020;TOT;R;3544;2024K1;108808
1020;TOT;R;3544;2024K2;109211
1020;TOT;R;3544;2024K3;109365
1020;TOT;R;3544;2024K4;109597
1020;TOT;R;3544;2025K1;109823
1020;TOT;R;3544;2025K2;110464
1020;TOT;R;3544;2025K3;110995
1020;TOT;R;3544;2025K4;111679
1020;TOT;R;3544;2026K1;112766
1020;TOT;R;3544;2026K2;113887
1020;TOT;R;4554;2018K1;123116
1020;TOT;R;4554;2018K2;123041
1020;TOT;R;4554;2018K3;122874
1020;TOT;R;4554;2018K4;122152
1020;TOT;R;4554;2019K1;121932
1020;TOT;R;4554;2019K2;121693
1020;TOT;R;4554;2019K3;121497
1020;TOT;R;4554;2019K4;121070
1020;TOT;R;4554;2020K1;120998
1020;TOT;R;4554;2020K2;120880
1020;TOT;R;4554;2020K3;121092
1020;TOT;R;4554;2020K4;121469
1020;TOT;R;4554;2021K1;122867
1020;TOT;R;4554;2021K2;123525
1020;TOT;R;4554;2021K3;123052
1020;TOT;R;4554;2021K4;122095
1020;TOT;R;4554;2022K1;121874
1020;TOT;R;4554;2022K2;121191
1020;TOT;R;4554;2022K3;120764
1020;TOT;R;4554;2022K4;120636
1020;TOT;R;4554;2023K1;120541
1020;TOT;R;4554;2023K2;120561
1020;TOT;R;4554;2023K3;120581
1020;TOT;R;4554;2023K4;120342
1020;TOT;R;4554;2024K1;120069
1020;TOT;R;4554;2024K2;120170
1020;TOT;R;4554;2024K3;120086
1020;TOT;R;4554;2024K4;119807
1020;TOT;R;4554;2025K1;119720
1020;TOT;R;4554;2025K2;119728
1020;TOT;R;4554;2025K3;119613
1020;TOT;R;4554;2025K4;119619
1020;TOT;R;4554;2026K1;119579
1020;TOT;R;4554;2026K2;119573
1020;TOT;R;5564;2018K1;110652
1020;TOT;R;5564;2018K2;112263
1020;TOT;R;5564;2018K3;113479
1020;TOT;R;5564;2018K4;113646
1020;TOT;R;5564;2019K1;113640
1020;TOT;R;5564;2019K2;115150
1020;TOT;R;5564;2019K3;115894
1020;TOT;R;5564;2019K4;115967
1020;TOT;R;5564;2020K1;115848
1020;TOT;R;5564;2020K2;115705
1020;TOT;R;5564;2020K3;115801
1020;TOT;R;5564;2020K4;116278
1020;TOT;R;5564;2021K1;117792
1020;TOT;R;5564;2021K2;118813
1020;TOT;R;5564;2021K3;119002
1020;TOT;R;5564;2021K4;119210
1020;TOT;R;5564;2022K1;119712
1020;TOT;R;5564;2022K2;119831
1020;TOT;R;5564;2022K3;119983
1020;TOT;R;5564;2022K4;120080
1020;TOT;R;5564;2023K1;120097
1020;TOT;R;5564;2023K2;120469
1020;TOT;R;5564;2023K3;120136
1020;TOT;R;5564;2023K4;119984
1020;TOT;R;5564;2024K1;119296
1020;TOT;R;5564;2024K2;119095
1020;TOT;R;5564;2024K3;118640
1020;TOT;R;5564;2024K4;118250
1020;TOT;R;5564;2025K1;117494
1020;TOT;R;5564;2025K2;117252
1020;TOT;R;5564;2025K3;117001
1020;TOT;R;5564;2025K4;116653
1020;TOT;R;5564;2026K1;116335
1020;TOT;R;5564;2026K2;116577
1020;TOT;STUV;1524;2018K1;25657
1020;TOT;STUV;1524;2018K2;28807
1020;TOT;STUV;1524;2018K3;27561
1020;TOT;STUV;1524;2018K4;27300
1020;TOT;STUV;1524;2019K1;25985
1020;TOT;STUV;1524;2019K2;28814
1020;TOT;STUV;1524;2019K3;27735
1020;TOT;STUV;1524;2019K4;27547
1020;TOT;STUV;1524;2020K1;25809
1020;TOT;STUV;1524;2020K2;21829
1020;TOT;STUV;1524;2020K3;25307
1020;TOT;STUV;1524;2020K4;24553
1020;TOT;STUV;1524;2021K1;18289
1020;TOT;STUV;1524;2021K2;23236
1020;TOT;STUV;1524;2021K3;26670
1020;TOT;STUV;1524;2021K4;26842
1020;TOT;STUV;1524;2022K1;24867
1020;TOT;STUV;1524;2022K2;29335
1020;TOT;STUV;1524;2022K3;29015
1020;TOT;STUV;1524;2022K4;28315
1020;TOT;STUV;1524;2023K1;26940
1020;TOT;STUV;1524;2023K2;30792
1020;TOT;STUV;1524;2023K3;30030
1020;TOT;STUV;1524;2023K4;29295
1020;TOT;STUV;1524;2024K1;27663
1020;TOT;STUV;1524;2024K2;31106
1020;TOT;STUV;1524;2024K3;30608
1020;TOT;STUV;1524;2024K4;29405
1020;TOT;STUV;1524;2025K1;28157
1020;TOT;STUV;1524;2025K2;31512
1020;TOT;STUV;1524;2025K3;30641
1020;TOT;STUV;1524;2025K4;29904
1020;TOT;STUV;1524;2026K1;28705
1020;TOT;STUV;1524;2026K2;31932
1020;TOT;STUV;2534;2018K1;21679
1020;TOT;STUV;2534;2018K2;22740
1020;TOT;STUV;2534;2018K3;22712
1020;TOT;STUV;2534;2018K4;23168
1020;TOT;STUV;2534;2019K1;22866
1020;TOT;STUV;2534;2019K2;23818
1020;TOT;STUV;2534;2019K3;23501
1020;TOT;STUV;2534;2019K4;23931
1020;TOT;STUV;2534;2020K1;23800
1020;TOT;STUV;2534;2020K2;22822
1020;TOT;STUV;2534;2020K3;23159
1020;TOT;STUV;2534;2020K4;23524
1020;TOT;STUV;2534;2021K1;21774
1020;TOT;STUV;2534;2021K2;23107
1020;TOT;STUV;2534;2021K3;23990
1020;TOT;STUV;2534;2021K4;24595
1020;TOT;STUV;2534;2022K1;24099
1020;TOT;STUV;2534;2022K2;25214
1020;TOT;STUV;2534;2022K3;25087
1020;TOT;STUV;2534;2022K4;25224
1020;TOT;STUV;2534;2023K1;24765
1020;TOT;STUV;2534;2023K2;25975
1020;TOT;STUV;2534;2023K3;25671
1020;TOT;STUV;2534;2023K4;25944
1020;TOT;STUV;2534;2024K1;25580
1020;TOT;STUV;2534;2024K2;26488
1020;TOT;STUV;2534;2024K3;26254
1020;TOT;STUV;2534;2024K4;26557
1020;TOT;STUV;2534;2025K1;26108
1020;TOT;STUV;2534;2025K2;27246
1020;TOT;STUV;2534;2025K3;27056
1020;TOT;STUV;2534;2025K4;27365
1020;TOT;STUV;2534;2026K1;27075
1020;TOT;STUV;2534;2026K2;27917
1020;TOT;STUV;3544;2018K1;21539
1020;TOT;STUV;3544;2018K2;21943
1020;TOT;STUV;3544;2018K3;21904
1020;TOT;STUV;3544;2018K4;22115
1020;TOT;STUV;3544;2019K1;21780
1020;TOT;STUV;3544;2019K2;22006
1020;TOT;STUV;3544;2019K3;21878
1020;TOT;STUV;3544;2019K4;21947
1020;TOT;STUV;3544;2020K1;21724
1020;TOT;STUV;3544;2020K2;21149
1020;TOT;STUV;3544;2020K3;21013
1020;TOT;STUV;3544;2020K4;21116
1020;TOT;STUV;3544;2021K1;20237
1020;TOT;STUV;3544;2021K2;20776
1020;TOT;STUV;3544;2021K3;21006
1020;TOT;STUV;3544;2021K4;21151
1020;TOT;STUV;3544;2022K1;20811
1020;TOT;STUV;3544;2022K2;21412
1020;TOT;STUV;3544;2022K3;21396
1020;TOT;STUV;3544;2022K4;21533
1020;TOT;STUV;3544;2023K1;21266
1020;TOT;STUV;3544;2023K2;21737
1020;TOT;STUV;3544;2023K3;21749
1020;TOT;STUV;3544;2023K4;21973
1020;TOT;STUV;3544;2024K1;21876
1020;TOT;STUV;3544;2024K2;22340
1020;TOT;STUV;3544;2024K3;22499
1020;TOT;STUV;3544;2024K4;22660
1020;TOT;STUV;3544;2025K1;22374
1020;TOT;STUV;3544;2025K2;22829
1020;TOT;STUV;3544;2025K3;23043
1020;TOT;STUV;3544;2025K4;23397
1020;TOT;STUV;3544;2026K1;23393
1020;TOT;STUV;3544;2026K2;24022
1020;TOT;STUV;4554;2018K1;25276
1020;TOT;STUV;4554;2018K2;25763
1020;TOT;STUV;4554;2018K3;25740
1020;TOT;STUV;4554;2018K4;25845
1020;TOT;STUV;4554;2019K1;25468
1020;TOT;STUV;4554;2019K2;25903
1020;TOT;STUV;4554;2019K3;25873
1020;TOT;STUV;4554;2019K4;25912
1020;TOT;STUV;4554;2020K1;25557
1020;TOT;STUV;4554;2020K2;25412
1020;TOT;STUV;4554;2020K3;25433
1020;TOT;STUV;4554;2020K4;25395
1020;TOT;STUV;4554;2021K1;24488
1020;TOT;STUV;4554;2021K2;25001
1020;TOT;STUV;4554;2021K3;25173
1020;TOT;STUV;4554;2021K4;25283
1020;TOT;STUV;4554;2022K1;24899
1020;TOT;STUV;4554;2022K2;25371
1020;TOT;STUV;4554;2022K3;25309
1020;TOT;STUV;4554;2022K4;25330
1020;TOT;STUV;4554;2023K1;24989
1020;TOT;STUV;4554;2023K2;25436
1020;TOT;STUV;4554;2023K3;25300
1020;TOT;STUV;4554;2023K4;25448
1020;TOT;STUV;4554;2024K1;25116
1020;TOT;STUV;4554;2024K2;25469
1020;TOT;STUV;4554;2024K3;25367
1020;TOT;STUV;4554;2024K4;25416
1020;TOT;STUV;4554;2025K1;25037
1020;TOT;STUV;4554;2025K2;25490
1020;TOT;STUV;4554;2025K3;25415
1020;TOT;STUV;4554;2025K4;25490
1020;TOT;STUV;4554;2026K1;25248
1020;TOT;STUV;4554;2026K2;25540
1020;TOT;STUV;5564;2018K1;21410
1020;TOT;STUV;5564;2018K2;22264
1020;TOT;STUV;5564;2018K3;22582
1020;TOT;STUV;5564;2018K4;22659
1020;TOT;STUV;5564;2019K1;22255
1020;TOT;STUV;5564;2019K2;23127
1020;TOT;STUV;5564;2019K3;23250
1020;TOT;STUV;5564;2019K4;23361
1020;TOT;STUV;5564;2020K1;22964
1020;TOT;STUV;5564;2020K2;23089
1020;TOT;STUV;5564;2020K3;23237
1020;TOT;STUV;5564;2020K4;23363
1020;TOT;STUV;5564;2021K1;22530
1020;TOT;STUV;5564;2021K2;23368
1020;TOT;STUV;5564;2021K3;23840
1020;TOT;STUV;5564;2021K4;24189
1020;TOT;STUV;5564;2022K1;23766
1020;TOT;STUV;5564;2022K2;24621
1020;TOT;STUV;5564;2022K3;24778
1020;TOT;STUV;5564;2022K4;24763
1020;TOT;STUV;5564;2023K1;24294
1020;TOT;STUV;5564;2023K2;25024
1020;TOT;STUV;5564;2023K3;25031
1020;TOT;STUV;5564;2023K4;25000
1020;TOT;STUV;5564;2024K1;24499
1020;TOT;STUV;5564;2024K2;25096
1020;TOT;STUV;5564;2024K3;25092
1020;TOT;STUV;5564;2024K4;25187
1020;TOT;STUV;5564;2025K1;24644
1020;TOT;STUV;5564;2025K2;25294
1020;TOT;STUV;5564;2025K3;25261
1020;TOT;STUV;5564;2025K4;25260
1020;TOT;STUV;5564;2026K1;25022
1020;TOT;STUV;5564;2026K2;25444
1020;TOT;S;1524;2018K1;15122
1020;TOT;S;1524;2018K2;18188
1020;TOT;S;1524;2018K3;17462
1020;TOT;S;1524;2018K4;16903
1020;TOT;S;1524;2019K1;15609
1020;TOT;S;1524;2019K2;18487
1020;TOT;S;1524;2019K3;17823
1020;TOT;S;1524;2019K4;17287
1020;TOT;S;1524;2020K1;15561
1020;TOT;S;1524;2020K2;12444
1020;TOT;S;1524;2020K3;15877
1020;TOT;S;1524;2020K4;14628
1020;TOT;S;1524;2021K1;9539
1020;TOT;S;1524;2021K2;14016
1020;TOT;S;1524;2021K3;17302
1020;TOT;S;1524;2021K4;16997
1020;TOT;S;1524;2022K1;15043
1020;TOT;S;1524;2022K2;19224
1020;TOT;S;1524;2022K3;19221
1020;TOT;S;1524;2022K4;18268
1020;TOT;S;1524;2023K1;16740
1020;TOT;S;1524;2023K2;20567
1020;TOT;S;1524;2023K3;20224
1020;TOT;S;1524;2023K4;19186
1020;TOT;S;1524;2024K1;17417
1020;TOT;S;1524;2024K2;20704
1020;TOT;S;1524;2024K3;20504
1020;TOT;S;1524;2024K4;18960
1020;TOT;S;1524;2025K1;17572
1020;TOT;S;1524;2025K2;20883
1020;TOT;S;1524;2025K3;20330
1020;TOT;S;1524;2025K4;19232
1020;TOT;S;1524;2026K1;17876
1020;TOT;S;1524;2026K2;21038
1020;TOT;S;2534;2018K1;9017
1020;TOT;S;2534;2018K2;9679
1020;TOT;S;2534;2018K3;9672
1020;TOT;S;2534;2018K4;9908
1020;TOT;S;2534;2019K1;9650
1020;TOT;S;2534;2019K2;10215
1020;TOT;S;2534;2019K3;10088
1020;TOT;S;2534;2019K4;10303
1020;TOT;S;2534;2020K1;10155
1020;TOT;S;2534;2020K2;9394
1020;TOT;S;2534;2020K3;9860
1020;TOT;S;2534;2020K4;9996
1020;TOT;S;2534;2021K1;8729
1020;TOT;S;2534;2021K2;9538
1020;TOT;S;2534;2021K3;10284
1020;TOT;S;2534;2021K4;10639
1020;TOT;S;2534;2022K1;10316
1020;TOT;S;2534;2022K2;11080
1020;TOT;S;2534;2022K3;11072
1020;TOT;S;2534;2022K4;11173
1020;TOT;S;2534;2023K1;10863
1020;TOT;S;2534;2023K2;11564
1020;TOT;S;2534;2023K3;11415
1020;TOT;S;2534;2023K4;11546
1020;TOT;S;2534;2024K1;11318
1020;TOT;S;2534;2024K2;11881
1020;TOT;S;2534;2024K3;11851
1020;TOT;S;2534;2024K4;11994
1020;TOT;S;2534;2025K1;11628
1020;TOT;S;2534;2025K2;12399
1020;TOT;S;2534;2025K3;12303
1020;TOT;S;2534;2025K4;12504
1020;TOT;S;2534;2026K1;12163
1020;TOT;S;2534;2026K2;12776
1020;TOT;S;3544;2018K1;8122
1020;TOT;S;3544;2018K2;8350
1020;TOT;S;3544;2018K3;8335
1020;TOT;S;3544;2018K4;8390
1020;TOT;S;3544;2019K1;8242
1020;TOT;S;3544;2019K2;8329
1020;TOT;S;3544;2019K3;8257
1020;TOT;S;3544;2019K4;8262
1020;TOT;S;3544;2020K1;8170
1020;TOT;S;3544;2020K2;7822
1020;TOT;S;3544;2020K3;7903
1020;TOT;S;3544;2020K4;7892
1020;TOT;S;3544;2021K1;7412
1020;TOT;S;3544;2021K2;7660
1020;TOT;S;3544;2021K3;7823
1020;TOT;S;3544;2021K4;7909
1020;TOT;S;3544;2022K1;7769
1020;TOT;S;3544;2022K2;8049
1020;TOT;S;3544;2022K3;8024
1020;TOT;S;3544;2022K4;8161
1020;TOT;S;3544;2023K1;8076
1020;TOT;S;3544;2023K2;8312
1020;TOT;S;3544;2023K3;8310
1020;TOT;S;3544;2023K4;8378
1020;TOT;S;3544;2024K1;8280
1020;TOT;S;3544;2024K2;8511
1020;TOT;S;3544;2024K3;8590
1020;TOT;S;3544;2024K4;8614
1020;TOT;S;3544;2025K1;8453
1020;TOT;S;3544;2025K2;8692
1020;TOT;S;3544;2025K3;8799
1020;TOT;S;3544;2025K4;8919
1020;TOT;S;3544;2026K1;8852
1020;TOT;S;3544;2026K2;9120
1020;TOT;S;4554;2018K1;8624
1020;TOT;S;4554;2018K2;8880
1020;TOT;S;4554;2018K3;8908
1020;TOT;S;4554;2018K4;8902
1020;TOT;S;4554;2019K1;8839
1020;TOT;S;4554;2019K2;9047
1020;TOT;S;4554;2019K3;9053
1020;TOT;S;4554;2019K4;9062
1020;TOT;S;4554;2020K1;8975
1020;TOT;S;4554;2020K2;8871
1020;TOT;S;4554;2020K3;9035
1020;TOT;S;4554;2020K4;8978
1020;TOT;S;4554;2021K1;8570
1020;TOT;S;4554;2021K2;8845
1020;TOT;S;4554;2021K3;8993
1020;TOT;S;4554;2021K4;9070
1020;TOT;S;4554;2022K1;8946
1020;TOT;S;4554;2022K2;9184
1020;TOT;S;4554;2022K3;9175
1020;TOT;S;4554;2022K4;9236
1020;TOT;S;4554;2023K1;9113
1020;TOT;S;4554;2023K2;9391
1020;TOT;S;4554;2023K3;9365
1020;TOT;S;4554;2023K4;9402
1020;TOT;S;4554;2024K1;9284
1020;TOT;S;4554;2024K2;9498
1020;TOT;S;4554;2024K3;9434
1020;TOT;S;4554;2024K4;9416
1020;TOT;S;4554;2025K1;9333
1020;TOT;S;4554;2025K2;9549
1020;TOT;S;4554;2025K3;9492
1020;TOT;S;4554;2025K4;9545
1020;TOT;S;4554;2026K1;9435
1020;TOT;S;4554;2026K2;9598
1020;TOT;S;5564;2018K1;7545
1020;TOT;S;5564;2018K2;7900
1020;TOT;S;5564;2018K3;8031
1020;TOT;S;5564;2018K4;7888
1020;TOT;S;5564;2019K1;7743
1020;TOT;S;5564;2019K2;8056
1020;TOT;S;5564;2019K3;8082
1020;TOT;S;5564;2019K4;7988
1020;TOT;S;5564;2020K1;7821
1020;TOT;S;5564;2020K2;7791
1020;TOT;S;5564;2020K3;7954
1020;TOT;S;5564;2020K4;7897
1020;TOT;S;5564;2021K1;7486
1020;TOT;S;5564;2021K2;7835
1020;TOT;S;5564;2021K3;8085
1020;TOT;S;5564;2021K4;8180
1020;TOT;S;5564;2022K1;8068
1020;TOT;S;5564;2022K2;8470
1020;TOT;S;5564;2022K3;8551
1020;TOT;S;5564;2022K4;8410
1020;TOT;S;5564;2023K1;8176
1020;TOT;S;5564;2023K2;8500
1020;TOT;S;5564;2023K3;8534
1020;TOT;S;5564;2023K4;8445
1020;TOT;S;5564;2024K1;8273
1020;TOT;S;5564;2024K2;8522
1020;TOT;S;5564;2024K3;8525
1020;TOT;S;5564;2024K4;8452
1020;TOT;S;5564;2025K1;8281
1020;TOT;S;5564;2025K2;8617
1020;TOT;S;5564;2025K3;8562
1020;TOT;S;5564;2025K4;8484
1020;TOT;S;5564;2026K1;8332
1020;TOT;S;5564;2026K2;8569
1020;TOT;TUV;1524;2018K1;10535
1020;TOT;TUV;1524;2018K2;10619
1020;TOT;TUV;1524;2018K3;10099
1020;TOT;TUV;1524;2018K4;10396
1020;TOT;TUV;1524;2019K1;10376
1020;TOT;TUV;1524;2019K2;10327
1020;TOT;TUV;1524;2019K3;9912
1020;TOT;TUV;1524;2019K4;10260
1020;TOT;TUV;1524;2020K1;10247
1020;TOT;TUV;1524;2020K2;9386
1020;TOT;TUV;1524;2020K3;9430
1020;TOT;TUV;1524;2020K4;9925
1020;TOT;TUV;1524;2021K1;8751
1020;TOT;TUV;1524;2021K2;9220
1020;TOT;TUV;1524;2021K3;9369
1020;TOT;TUV;1524;2021K4;9845
1020;TOT;TUV;1524;2022K1;9824
1020;TOT;TUV;1524;2022K2;10111
1020;TOT;TUV;1524;2022K3;9795
1020;TOT;TUV;1524;2022K4;10047
1020;TOT;TUV;1524;2023K1;10199
1020;TOT;TUV;1524;2023K2;10225
1020;TOT;TUV;1524;2023K3;9807
1020;TOT;TUV;1524;2023K4;10109
1020;TOT;TUV;1524;2024K1;10245
1020;TOT;TUV;1524;2024K2;10402
1020;TOT;TUV;1524;2024K3;10105
1020;TOT;TUV;1524;2024K4;10445
1020;TOT;TUV;1524;2025K1;10585
1020;TOT;TUV;1524;2025K2;10629
1020;TOT;TUV;1524;2025K3;10311
1020;TOT;TUV;1524;2025K4;10673
1020;TOT;TUV;1524;2026K1;10828
1020;TOT;TUV;1524;2026K2;10894
1020;TOT;TUV;2534;2018K1;12663
1020;TOT;TUV;2534;2018K2;13061
1020;TOT;TUV;2534;2018K3;13040
1020;TOT;TUV;2534;2018K4;13260
1020;TOT;TUV;2534;2019K1;13216
1020;TOT;TUV;2534;2019K2;13603
1020;TOT;TUV;2534;2019K3;13413
1020;TOT;TUV;2534;2019K4;13628
1020;TOT;TUV;2534;2020K1;13645
1020;TOT;TUV;2534;2020K2;13428
1020;TOT;TUV;2534;2020K3;13299
1020;TOT;TUV;2534;2020K4;13528
1020;TOT;TUV;2534;2021K1;13045
1020;TOT;TUV;2534;2021K2;13569
1020;TOT;TUV;2534;2021K3;13706
1020;TOT;TUV;2534;2021K4;13956
1020;TOT;TUV;2534;2022K1;13782
1020;TOT;TUV;2534;2022K2;14133
1020;TOT;TUV;2534;2022K3;14016
1020;TOT;TUV;2534;2022K4;14050
1020;TOT;TUV;2534;2023K1;13902
1020;TOT;TUV;2534;2023K2;14411
1020;TOT;TUV;2534;2023K3;14256
1020;TOT;TUV;2534;2023K4;14398
1020;TOT;TUV;2534;2024K1;14262
1020;TOT;TUV;2534;2024K2;14607
1020;TOT;TUV;2534;2024K3;14403
1020;TOT;TUV;2534;2024K4;14562
1020;TOT;TUV;2534;2025K1;14480
1020;TOT;TUV;2534;2025K2;14847
1020;TOT;TUV;2534;2025K3;14753
1020;TOT;TUV;2534;2025K4;14861
1020;TOT;TUV;2534;2026K1;14911
1020;TOT;TUV;2534;2026K2;15141
1020;TOT;TUV;3544;2018K1;13417
1020;TOT;TUV;3544;2018K2;13594
1020;TOT;TUV;3544;2018K3;13570
1020;TOT;TUV;3544;2018K4;13725
1020;TOT;TUV;3544;2019K1;13537
1020;TOT;TUV;3544;2019K2;13677
1020;TOT;TUV;3544;2019K3;13621
1020;TOT;TUV;3544;2019K4;13685
1020;TOT;TUV;3544;2020K1;13555
1020;TOT;TUV;3544;2020K2;13327
1020;TOT;TUV;3544;2020K3;13110
1020;TOT;TUV;3544;2020K4;13224
1020;TOT;TUV;3544;2021K1;12825
1020;TOT;TUV;3544;2021K2;13116
1020;TOT;TUV;3544;2021K3;13183
1020;TOT;TUV;3544;2021K4;13242
1020;TOT;TUV;3544;2022K1;13041
1020;TOT;TUV;3544;2022K2;13363
1020;TOT;TUV;3544;2022K3;13372
1020;TOT;TUV;3544;2022K4;13372
1020;TOT;TUV;3544;2023K1;13190
1020;TOT;TUV;3544;2023K2;13425
1020;TOT;TUV;3544;2023K3;13440
1020;TOT;TUV;3544;2023K4;13596
1020;TOT;TUV;3544;2024K1;13596
1020;TOT;TUV;3544;2024K2;13829
1020;TOT;TUV;3544;2024K3;13909
1020;TOT;TUV;3544;2024K4;14046
1020;TOT;TUV;3544;2025K1;13921
1020;TOT;TUV;3544;2025K2;14137
1020;TOT;TUV;3544;2025K3;14244
1020;TOT;TUV;3544;2025K4;14478
1020;TOT;TUV;3544;2026K1;14541
1020;TOT;TUV;3544;2026K2;14901
1020;TOT;TUV;4554;2018K1;16652
1020;TOT;TUV;4554;2018K2;16882
1020;TOT;TUV;4554;2018K3;16832
1020;TOT;TUV;4554;2018K4;16943
1020;TOT;TUV;4554;2019K1;16630
1020;TOT;TUV;4554;2019K2;16855
1020;TOT;TUV;4554;2019K3;16819
1020;TOT;TUV;4554;2019K4;16850
1020;TOT;TUV;4554;2020K1;16582
1020;TOT;TUV;4554;2020K2;16541
1020;TOT;TUV;4554;2020K3;16398
1020;TOT;TUV;4554;2020K4;16417
1020;TOT;TUV;4554;2021K1;15918
1020;TOT;TUV;4554;2021K2;16156
1020;TOT;TUV;4554;2021K3;16179
1020;TOT;TUV;4554;2021K4;16214
1020;TOT;TUV;4554;2022K1;15953
1020;TOT;TUV;4554;2022K2;16187
1020;TOT;TUV;4554;2022K3;16134
1020;TOT;TUV;4554;2022K4;16094
1020;TOT;TUV;4554;2023K1;15875
1020;TOT;TUV;4554;2023K2;16045
1020;TOT;TUV;4554;2023K3;15935
1020;TOT;TUV;4554;2023K4;16045
1020;TOT;TUV;4554;2024K1;15831
1020;TOT;TUV;4554;2024K2;15972
1020;TOT;TUV;4554;2024K3;15933
1020;TOT;TUV;4554;2024K4;16000
1020;TOT;TUV;4554;2025K1;15703
1020;TOT;TUV;4554;2025K2;15941
1020;TOT;TUV;4554;2025K3;15923
1020;TOT;TUV;4554;2025K4;15945
1020;TOT;TUV;4554;2026K1;15813
1020;TOT;TUV;4554;2026K2;15943
1020;TOT;TUV;5564;2018K1;13865
1020;TOT;TUV;5564;2018K2;14364
1020;TOT;TUV;5564;2018K3;14551
1020;TOT;TUV;5564;2018K4;14771
1020;TOT;TUV;5564;2019K1;14512
1020;TOT;TUV;5564;2019K2;15071
1020;TOT;TUV;5564;2019K3;15168
1020;TOT;TUV;5564;2019K4;15373
1020;TOT;TUV;5564;2020K1;15143
1020;TOT;TUV;5564;2020K2;15298
1020;TOT;TUV;5564;2020K3;15283
1020;TOT;TUV;5564;2020K4;15467
1020;TOT;TUV;5564;2021K1;15043
1020;TOT;TUV;5564;2021K2;15533
1020;TOT;TUV;5564;2021K3;15755
1020;TOT;TUV;5564;2021K4;16009
1020;TOT;TUV;5564;2022K1;15699
1020;TOT;TUV;5564;2022K2;16151
1020;TOT;TUV;5564;2022K3;16227
1020;TOT;TUV;5564;2022K4;16353
1020;TOT;TUV;5564;2023K1;16118
1020;TOT;TUV;5564;2023K2;16524
1020;TOT;TUV;5564;2023K3;16497
1020;TOT;TUV;5564;2023K4;16554
1020;TOT;TUV;5564;2024K1;16225
1020;TOT;TUV;5564;2024K2;16574
1020;TOT;TUV;5564;2024K3;16567
1020;TOT;TUV;5564;2024K4;16735
1020;TOT;TUV;5564;2025K1;16363
1020;TOT;TUV;5564;2025K2;16678
1020;TOT;TUV;5564;2025K3;16699
1020;TOT;TUV;5564;2025K4;16776
1020;TOT;TUV;5564;2026K1;16690
1020;TOT;TUV;5564;2026K2;16874
